FeatureCode,DateCode,Measurement,Units,Value,Area
S12000039,2019,Count,Hectares,148,Derelict Land
S12000039,2011,Count,Hectares,20,Urban Vacant Land
S12000039,2018,Count,Hectares,16,Urban Vacant Land
S12000039,2002,Count,Hectares,65,Urban Vacant Land
S12000039,2018,Count,Hectares,152,Derelict Land
S12000039,2003,Count,Hectares,36,Urban Vacant Land
S12000039,2014,Count,Hectares,168,Derelict Land
S12000039,2007,Count,Hectares,193,Derelict Land
S12000039,2006,Count,Hectares,211,Derelict Land
S12000039,2014,Count,Hectares,21,Urban Vacant Land
S12000039,2004,Count,Hectares,35,Urban Vacant Land
S12000039,2015,Count,Hectares,15,Urban Vacant Land
S12000039,2009,Count,Hectares,24,Urban Vacant Land
S12000039,2012,Count,Hectares,20,Urban Vacant Land
S12000039,2010,Count,Hectares,23,Urban Vacant Land
S12000039,2017,Count,Hectares,149,Derelict Land
S12000039,2016,Count,Hectares,14,Urban Vacant Land
S12000039,2019,Count,Hectares,15,Urban Vacant Land
S12000039,2013,Count,Hectares,20,Urban Vacant Land
S12000039,2008,Count,Hectares,30,Urban Vacant Land
S12000039,2007,Count,Hectares,30,Urban Vacant Land
S12000039,2005,Count,Hectares,33,Urban Vacant Land
S12000039,2016,Count,Hectares,157,Derelict Land
S12000039,2006,Count,Hectares,31,Urban Vacant Land
S12000039,2002,Count,Hectares,176,Derelict Land
S12000039,2003,Count,Hectares,204,Derelict Land
S12000039,2004,Count,Hectares,203,Derelict Land
S12000039,2005,Count,Hectares,197,Derelict Land
S12000039,2012,Count,Hectares,172,Derelict Land
S12000039,2010,Count,Hectares,189,Derelict Land
S12000039,2017,Count,Hectares,16,Urban Vacant Land
S12000039,2015,Count,Hectares,167,Derelict Land
S12000039,2013,Count,Hectares,168,Derelict Land
S12000039,2009,Count,Hectares,197,Derelict Land
S12000039,2008,Count,Hectares,189,Derelict Land
S12000039,2011,Count,Hectares,174,Derelict Land
S12000040,2015,Count,Hectares,346,Derelict Land
S12000040,2011,Count,Hectares,416,Derelict Land
S12000040,2014,Count,Hectares,417,Derelict Land
S12000040,2013,Count,Hectares,421,Derelict Land
S12000040,2016,Count,Hectares,346,Derelict Land
S12000040,2002,Count,Hectares,450,Derelict Land
S12000040,2016,Count,Hectares,74,Urban Vacant Land
S12000040,2012,Count,Hectares,421,Derelict Land
S12000040,2005,Count,Hectares,595,Derelict Land
S12000040,2019,Count,Hectares,304,Derelict Land
S12000040,2010,Count,Hectares,417,Derelict Land
S12000040,2018,Count,Hectares,37,Urban Vacant Land
S12000040,2006,Count,Hectares,599,Derelict Land
S12000040,2007,Count,Hectares,569,Derelict Land
S12000040,2003,Count,Hectares,458,Derelict Land
S12000040,2018,Count,Hectares,304,Derelict Land
S12000040,2004,Count,Hectares,463,Derelict Land
S12000040,2015,Count,Hectares,74,Urban Vacant Land
S12000040,2009,Count,Hectares,554,Derelict Land
S12000040,2014,Count,Hectares,74,Urban Vacant Land
S12000040,2009,Count,Hectares,64,Urban Vacant Land
S12000040,2005,Count,Hectares,58,Urban Vacant Land
S12000040,2008,Count,Hectares,552,Derelict Land
S12000040,2010,Count,Hectares,61,Urban Vacant Land
S12000040,2003,Count,Hectares,65,Urban Vacant Land
S12000040,2013,Count,Hectares,64,Urban Vacant Land
S12000040,2017,Count,Hectares,74,Urban Vacant Land
S12000040,2012,Count,Hectares,64,Urban Vacant Land
S12000040,2007,Count,Hectares,64,Urban Vacant Land
S12000040,2006,Count,Hectares,58,Urban Vacant Land
S12000040,2002,Count,Hectares,66,Urban Vacant Land
S12000040,2011,Count,Hectares,61,Urban Vacant Land
S12000040,2019,Count,Hectares,39,Urban Vacant Land
S12000040,2008,Count,Hectares,65,Urban Vacant Land
S12000040,2004,Count,Hectares,65,Urban Vacant Land
S12000040,2017,Count,Hectares,346,Derelict Land
S92000003,2007,Count,Hectares,2483,Urban Vacant Land
S92000003,2018,Count,Hectares,2020,Urban Vacant Land
S92000003,2017,Count,Hectares,2138,Urban Vacant Land
S92000003,2010,Count,Hectares,2586,Urban Vacant Land
S92000003,2019,Count,Hectares,2060,Urban Vacant Land
S92000003,2008,Count,Hectares,2477,Urban Vacant Land
S92000003,2017,Count,Hectares,9654,Derelict Land
S92000003,2004,Count,Hectares,2717,Urban Vacant Land
S92000003,2003,Count,Hectares,2808,Urban Vacant Land
S92000003,2012,Count,Hectares,2496,Urban Vacant Land
S92000003,2015,Count,Hectares,2389,Urban Vacant Land
S92000003,2009,Count,Hectares,2588,Urban Vacant Land
S92000003,2005,Count,Hectares,2717,Urban Vacant Land
S92000003,2006,Count,Hectares,2684,Urban Vacant Land
S92000003,2014,Count,Hectares,2451,Urban Vacant Land
S92000003,2002,Count,Hectares,7786,Derelict Land
S92000003,2005,Count,Hectares,7811,Derelict Land
S92000003,2004,Count,Hectares,7834,Derelict Land
S92000003,2013,Count,Hectares,8767,Derelict Land
S92000003,2003,Count,Hectares,7791,Derelict Land
S92000003,2007,Count,Hectares,8896,Derelict Land
S92000003,2012,Count,Hectares,8846,Derelict Land
S92000003,2014,Count,Hectares,10877,Derelict Land
S92000003,2011,Count,Hectares,8841,Derelict Land
S92000003,2009,Count,Hectares,8941,Derelict Land
S92000003,2008,Count,Hectares,8858,Derelict Land
S92000003,2019,Count,Hectares,8866,Derelict Land
S92000003,2002,Count,Hectares,2901,Urban Vacant Land
S92000003,2018,Count,Hectares,9070,Derelict Land
S92000003,2013,Count,Hectares,2456,Urban Vacant Land
S92000003,2011,Count,Hectares,2551,Urban Vacant Land
S92000003,2010,Count,Hectares,8780,Derelict Land
S92000003,2015,Count,Hectares,10496,Derelict Land
S92000003,2006,Count,Hectares,8598,Derelict Land
S92000003,2016,Count,Hectares,10399,Derelict Land
S92000003,2016,Count,Hectares,2236,Urban Vacant Land
S12000005,2013,Count,Hectares,17,Urban Vacant Land
S12000005,2019,Count,Hectares,41,Derelict Land
S12000005,2018,Count,Hectares,46,Derelict Land
S12000005,2012,Count,Hectares,10,Urban Vacant Land
S12000005,2004,Count,Hectares,30,Derelict Land
S12000005,2008,Count,Hectares,27,Urban Vacant Land
S12000005,2009,Count,Hectares,11,Derelict Land
S12000005,2006,Count,Hectares,22,Urban Vacant Land
S12000005,2008,Count,Hectares,11,Derelict Land
S12000005,2004,Count,Hectares,25,Urban Vacant Land
S12000005,2002,Count,Hectares,39,Derelict Land
S12000005,2018,Count,Hectares,11,Urban Vacant Land
S12000005,2014,Count,Hectares,21,Urban Vacant Land
S12000005,2014,Count,Hectares,15,Derelict Land
S12000005,2002,Count,Hectares,27,Urban Vacant Land
S12000005,2013,Count,Hectares,11,Derelict Land
S12000005,2005,Count,Hectares,21,Urban Vacant Land
S12000005,2009,Count,Hectares,21,Urban Vacant Land
S12000005,2011,Count,Hectares,16,Urban Vacant Land
S12000005,2015,Count,Hectares,12,Derelict Land
S12000005,2015,Count,Hectares,20,Urban Vacant Land
S12000005,2003,Count,Hectares,22,Urban Vacant Land
S12000005,2016,Count,Hectares,19,Urban Vacant Land
S12000005,2012,Count,Hectares,11,Derelict Land
S12000005,2003,Count,Hectares,39,Derelict Land
S12000005,2007,Count,Hectares,19,Urban Vacant Land
S12000005,2010,Count,Hectares,17,Urban Vacant Land
S12000005,2006,Count,Hectares,12,Derelict Land
S12000005,2017,Count,Hectares,48,Derelict Land
S12000005,2016,Count,Hectares,54,Derelict Land
S12000005,2011,Count,Hectares,14,Derelict Land
S12000005,2017,Count,Hectares,17,Urban Vacant Land
S12000005,2007,Count,Hectares,11,Derelict Land
S12000005,2005,Count,Hectares,12,Derelict Land
S12000005,2019,Count,Hectares,11,Urban Vacant Land
S12000005,2010,Count,Hectares,11,Derelict Land
S12000006,2008,Count,Hectares,11,Urban Vacant Land
S12000006,2011,Count,Hectares,14,Urban Vacant Land
S12000006,2010,Count,Hectares,13,Urban Vacant Land
S12000006,2012,Count,Hectares,9,Urban Vacant Land
S12000006,2009,Count,Hectares,14,Urban Vacant Land
S12000006,2005,Count,Hectares,13,Urban Vacant Land
S12000006,2006,Count,Hectares,13,Urban Vacant Land
S12000006,2019,Count,Hectares,28,Urban Vacant Land
S12000006,2009,Count,Hectares,452,Derelict Land
S12000006,2017,Count,Hectares,18,Urban Vacant Land
S12000006,2002,Count,Hectares,301,Derelict Land
S12000006,2004,Count,Hectares,301,Derelict Land
S12000006,2005,Count,Hectares,212,Derelict Land
S12000006,2012,Count,Hectares,483,Derelict Land
S12000006,2018,Count,Hectares,18,Urban Vacant Land
S12000006,2015,Count,Hectares,455,Derelict Land
S12000006,2002,Count,Hectares,16,Urban Vacant Land
S12000006,2015,Count,Hectares,8,Urban Vacant Land
S12000006,2004,Count,Hectares,16,Urban Vacant Land
S12000006,2007,Count,Hectares,12,Urban Vacant Land
S12000006,2013,Count,Hectares,9,Urban Vacant Land
S12000006,2018,Count,Hectares,301,Derelict Land
S12000006,2019,Count,Hectares,294,Derelict Land
S12000006,2014,Count,Hectares,9,Urban Vacant Land
S12000006,2003,Count,Hectares,301,Derelict Land
S12000006,2014,Count,Hectares,482,Derelict Land
S12000006,2016,Count,Hectares,457,Derelict Land
S12000006,2011,Count,Hectares,477,Derelict Land
S12000006,2010,Count,Hectares,448,Derelict Land
S12000006,2016,Count,Hectares,8,Urban Vacant Land
S12000006,2008,Count,Hectares,445,Derelict Land
S12000006,2006,Count,Hectares,460,Derelict Land
S12000006,2003,Count,Hectares,16,Urban Vacant Land
S12000006,2007,Count,Hectares,453,Derelict Land
S12000006,2017,Count,Hectares,301,Derelict Land
S12000006,2013,Count,Hectares,483,Derelict Land
S12000008,2007,Count,Hectares,37,Urban Vacant Land
S12000008,2010,Count,Hectares,54,Urban Vacant Land
S12000008,2009,Count,Hectares,43,Urban Vacant Land
S12000008,2006,Count,Hectares,39,Urban Vacant Land
S12000008,2012,Count,Hectares,277,Derelict Land
S12000008,2004,Count,Hectares,44,Urban Vacant Land
S12000008,2019,Count,Hectares,1736,Derelict Land
S12000008,2003,Count,Hectares,48,Urban Vacant Land
S12000008,2018,Count,Hectares,1736,Derelict Land
S12000008,2002,Count,Hectares,57,Urban Vacant Land
S12000008,2013,Count,Hectares,67,Urban Vacant Land
S12000008,2012,Count,Hectares,58,Urban Vacant Land
S12000008,2002,Count,Hectares,275,Derelict Land
S12000008,2018,Count,Hectares,74,Urban Vacant Land
S12000008,2017,Count,Hectares,77,Urban Vacant Land
S12000008,2008,Count,Hectares,282,Derelict Land
S12000008,2017,Count,Hectares,2324,Derelict Land
S12000008,2004,Count,Hectares,275,Derelict Land
S12000008,2011,Count,Hectares,277,Derelict Land
S12000008,2006,Count,Hectares,284,Derelict Land
S12000008,2014,Count,Hectares,2493,Derelict Land
S12000008,2019,Count,Hectares,65,Urban Vacant Land
S12000008,2016,Count,Hectares,70,Urban Vacant Land
S12000008,2014,Count,Hectares,60,Urban Vacant Land
S12000008,2007,Count,Hectares,282,Derelict Land
S12000008,2008,Count,Hectares,37,Urban Vacant Land
S12000008,2016,Count,Hectares,2386,Derelict Land
S12000008,2005,Count,Hectares,287,Derelict Land
S12000008,2015,Count,Hectares,2480,Derelict Land
S12000008,2009,Count,Hectares,279,Derelict Land
S12000008,2010,Count,Hectares,279,Derelict Land
S12000008,2013,Count,Hectares,285,Derelict Land
S12000008,2015,Count,Hectares,61,Urban Vacant Land
S12000008,2005,Count,Hectares,45,Urban Vacant Land
S12000008,2011,Count,Hectares,58,Urban Vacant Land
S12000008,2003,Count,Hectares,282,Derelict Land
S12000010,2016,Count,Hectares,76,Derelict Land
S12000010,2011,Count,Hectares,9,Urban Vacant Land
S12000010,2012,Count,Hectares,9,Urban Vacant Land
S12000010,2008,Count,Hectares,8,Urban Vacant Land
S12000010,2009,Count,Hectares,9,Urban Vacant Land
S12000010,2017,Count,Hectares,79,Derelict Land
S12000010,2015,Count,Hectares,76,Derelict Land
S12000010,2014,Count,Hectares,61,Derelict Land
S12000010,2003,Count,Hectares,90,Derelict Land
S12000010,2004,Count,Hectares,79,Derelict Land
S12000010,2005,Count,Hectares,75,Derelict Land
S12000010,2010,Count,Hectares,77,Derelict Land
S12000010,2011,Count,Hectares,74,Derelict Land
S12000010,2006,Count,Hectares,7,Urban Vacant Land
S12000010,2015,Count,Hectares,15,Urban Vacant Land
S12000010,2002,Count,Hectares,94,Derelict Land
S12000010,2013,Count,Hectares,62,Derelict Land
S12000010,2018,Count,Hectares,10,Urban Vacant Land
S12000010,2019,Count,Hectares,10,Urban Vacant Land
S12000010,2006,Count,Hectares,64,Derelict Land
S12000010,2003,Count,Hectares,28,Urban Vacant Land
S12000010,2019,Count,Hectares,79,Derelict Land
S12000010,2007,Count,Hectares,58,Derelict Land
S12000010,2018,Count,Hectares,78,Derelict Land
S12000010,2010,Count,Hectares,9,Urban Vacant Land
S12000010,2007,Count,Hectares,4,Urban Vacant Land
S12000010,2014,Count,Hectares,10,Urban Vacant Land
S12000010,2004,Count,Hectares,7,Urban Vacant Land
S12000010,2008,Count,Hectares,77,Derelict Land
S12000010,2013,Count,Hectares,11,Urban Vacant Land
S12000010,2017,Count,Hectares,14,Urban Vacant Land
S12000010,2002,Count,Hectares,29,Urban Vacant Land
S12000010,2016,Count,Hectares,19,Urban Vacant Land
S12000010,2005,Count,Hectares,10,Urban Vacant Land
S12000010,2009,Count,Hectares,77,Derelict Land
S12000010,2012,Count,Hectares,62,Derelict Land
S12000011,2013,Count,Hectares,21,Urban Vacant Land
S12000011,2015,Count,Hectares,19,Urban Vacant Land
S12000011,2010,Count,Hectares,17,Urban Vacant Land
S12000011,2006,Count,Hectares,19,Urban Vacant Land
S12000011,2005,Count,Hectares,20,Urban Vacant Land
S12000011,2012,Count,Hectares,15,Urban Vacant Land
S12000011,2019,Count,Hectares,34,Derelict Land
S12000011,2008,Count,Hectares,17,Urban Vacant Land
S12000011,2017,Count,Hectares,17,Urban Vacant Land
S12000011,2002,Count,Hectares,20,Urban Vacant Land
S12000011,2011,Count,Hectares,17,Urban Vacant Land
S12000011,2014,Count,Hectares,24,Urban Vacant Land
S12000011,2009,Count,Hectares,37,Derelict Land
S12000011,2003,Count,Hectares,11,Urban Vacant Land
S12000011,2004,Count,Hectares,13,Urban Vacant Land
S12000011,2009,Count,Hectares,16,Urban Vacant Land
S12000011,2007,Count,Hectares,36,Derelict Land
S12000011,2016,Count,Hectares,19,Urban Vacant Land
S12000011,2005,Count,Hectares,40,Derelict Land
S12000011,2003,Count,Hectares,34,Derelict Land
S12000011,2016,Count,Hectares,36,Derelict Land
S12000011,2013,Count,Hectares,39,Derelict Land
S12000011,2006,Count,Hectares,38,Derelict Land
S12000011,2004,Count,Hectares,42,Derelict Land
S12000011,2018,Count,Hectares,34,Derelict Land
S12000011,2008,Count,Hectares,36,Derelict Land
S12000011,2002,Count,Hectares,19,Derelict Land
S12000011,2019,Count,Hectares,16,Urban Vacant Land
S12000011,2011,Count,Hectares,38,Derelict Land
S12000011,2010,Count,Hectares,37,Derelict Land
S12000011,2014,Count,Hectares,36,Derelict Land
S12000011,2017,Count,Hectares,34,Derelict Land
S12000011,2012,Count,Hectares,39,Derelict Land
S12000011,2015,Count,Hectares,36,Derelict Land
S12000011,2007,Count,Hectares,20,Urban Vacant Land
S12000011,2018,Count,Hectares,18,Urban Vacant Land
S12000013,2013,Count,Hectares,1,Derelict Land
S12000013,2017,Count,Hectares,8,Urban Vacant Land
S12000013,2009,Count,Hectares,1,Derelict Land
S12000013,2012,Count,Hectares,1,Derelict Land
S12000013,2017,Count,Hectares,1,Derelict Land
S12000013,2014,Count,Hectares,9,Urban Vacant Land
S12000013,2011,Count,Hectares,1,Derelict Land
S12000013,2014,Count,Hectares,1,Derelict Land
S12000013,2008,Count,Hectares,1,Derelict Land
S12000013,2006,Count,Hectares,1,Derelict Land
S12000013,2002,Count,Hectares,1,Derelict Land
S12000013,2015,Count,Hectares,1,Derelict Land
S12000013,2005,Count,Hectares,1,Derelict Land
S12000013,2003,Count,Hectares,1,Derelict Land
S12000013,2007,Count,Hectares,1,Derelict Land
S12000013,2010,Count,Hectares,1,Derelict Land
S12000013,2004,Count,Hectares,1,Derelict Land
S12000013,2009,Count,Hectares,10,Urban Vacant Land
S12000013,2013,Count,Hectares,9,Urban Vacant Land
S12000013,2012,Count,Hectares,9,Urban Vacant Land
S12000013,2004,Count,Hectares,10,Urban Vacant Land
S12000013,2011,Count,Hectares,9,Urban Vacant Land
S12000013,2018,Count,Hectares,8,Urban Vacant Land
S12000013,2006,Count,Hectares,10,Urban Vacant Land
S12000013,2005,Count,Hectares,10,Urban Vacant Land
S12000013,2008,Count,Hectares,10,Urban Vacant Land
S12000013,2015,Count,Hectares,8,Urban Vacant Land
S12000013,2007,Count,Hectares,10,Urban Vacant Land
S12000013,2003,Count,Hectares,10,Urban Vacant Land
S12000013,2010,Count,Hectares,9,Urban Vacant Land
S12000013,2018,Count,Hectares,0,Derelict Land
S12000013,2019,Count,Hectares,0,Derelict Land
S12000013,2016,Count,Hectares,8,Urban Vacant Land
S12000013,2019,Count,Hectares,8,Urban Vacant Land
S12000013,2016,Count,Hectares,1,Derelict Land
S12000013,2002,Count,Hectares,10,Urban Vacant Land
S12000014,2017,Count,Hectares,210,Derelict Land
S12000014,2015,Count,Hectares,108,Derelict Land
S12000014,2011,Count,Hectares,79,Derelict Land
S12000014,2003,Count,Hectares,139,Derelict Land
S12000014,2016,Count,Hectares,163,Derelict Land
S12000014,2002,Count,Hectares,149,Derelict Land
S12000014,2004,Count,Hectares,133,Derelict Land
S12000014,2015,Count,Hectares,91,Urban Vacant Land
S12000014,2019,Count,Hectares,64,Urban Vacant Land
S12000014,2014,Count,Hectares,86,Urban Vacant Land
S12000014,2012,Count,Hectares,80,Urban Vacant Land
S12000014,2003,Count,Hectares,122,Urban Vacant Land
S12000014,2014,Count,Hectares,101,Derelict Land
S12000014,2010,Count,Hectares,81,Urban Vacant Land
S12000014,2018,Count,Hectares,208,Derelict Land
S12000014,2005,Count,Hectares,106,Derelict Land
S12000014,2010,Count,Hectares,75,Derelict Land
S12000014,2005,Count,Hectares,106,Urban Vacant Land
S12000014,2009,Count,Hectares,90,Derelict Land
S12000014,2006,Count,Hectares,111,Derelict Land
S12000014,2009,Count,Hectares,83,Urban Vacant Land
S12000014,2013,Count,Hectares,85,Urban Vacant Land
S12000014,2006,Count,Hectares,97,Urban Vacant Land
S12000014,2004,Count,Hectares,119,Urban Vacant Land
S12000014,2012,Count,Hectares,79,Derelict Land
S12000014,2011,Count,Hectares,80,Urban Vacant Land
S12000014,2018,Count,Hectares,69,Urban Vacant Land
S12000014,2008,Count,Hectares,93,Derelict Land
S12000014,2013,Count,Hectares,89,Derelict Land
S12000014,2007,Count,Hectares,97,Derelict Land
S12000014,2017,Count,Hectares,75,Urban Vacant Land
S12000014,2016,Count,Hectares,83,Urban Vacant Land
S12000014,2007,Count,Hectares,50,Urban Vacant Land
S12000014,2008,Count,Hectares,48,Urban Vacant Land
S12000014,2019,Count,Hectares,194,Derelict Land
S12000014,2002,Count,Hectares,136,Urban Vacant Land
S12000017,2002,Count,Hectares,205,Urban Vacant Land
S12000017,2003,Count,Hectares,193,Urban Vacant Land
S12000017,2007,Count,Hectares,116,Urban Vacant Land
S12000017,2010,Count,Hectares,81,Urban Vacant Land
S12000017,2004,Count,Hectares,192,Urban Vacant Land
S12000017,2009,Count,Hectares,89,Urban Vacant Land
S12000017,2011,Count,Hectares,82,Urban Vacant Land
S12000017,2006,Count,Hectares,149,Urban Vacant Land
S12000017,2012,Count,Hectares,82,Urban Vacant Land
S12000017,2013,Count,Hectares,80,Urban Vacant Land
S12000017,2005,Count,Hectares,175,Urban Vacant Land
S12000017,2014,Count,Hectares,74,Urban Vacant Land
S12000017,2015,Count,Hectares,66,Urban Vacant Land
S12000017,2016,Count,Hectares,66,Urban Vacant Land
S12000017,2016,Count,Hectares,1276,Derelict Land
S12000017,2002,Count,Hectares,977,Derelict Land
S12000017,2018,Count,Hectares,1276,Derelict Land
S12000017,2013,Count,Hectares,1302,Derelict Land
S12000017,2008,Count,Hectares,100,Urban Vacant Land
S12000017,2019,Count,Hectares,1276,Derelict Land
S12000017,2005,Count,Hectares,935,Derelict Land
S12000017,2012,Count,Hectares,1373,Derelict Land
S12000017,2015,Count,Hectares,1276,Derelict Land
S12000017,2018,Count,Hectares,66,Urban Vacant Land
S12000017,2017,Count,Hectares,66,Urban Vacant Land
S12000017,2011,Count,Hectares,1373,Derelict Land
S12000017,2014,Count,Hectares,1299,Derelict Land
S12000017,2010,Count,Hectares,1373,Derelict Land
S12000017,2003,Count,Hectares,959,Derelict Land
S12000017,2007,Count,Hectares,1253,Derelict Land
S12000017,2008,Count,Hectares,1270,Derelict Land
S12000017,2017,Count,Hectares,1276,Derelict Land
S12000017,2019,Count,Hectares,66,Urban Vacant Land
S12000017,2009,Count,Hectares,1303,Derelict Land
S12000017,2006,Count,Hectares,922,Derelict Land
S12000017,2004,Count,Hectares,938,Derelict Land
S12000018,2013,Count,Hectares,123,Urban Vacant Land
S12000018,2018,Count,Hectares,73,Urban Vacant Land
S12000018,2003,Count,Hectares,62,Derelict Land
S12000018,2005,Count,Hectares,63,Derelict Land
S12000018,2004,Count,Hectares,64,Derelict Land
S12000018,2002,Count,Hectares,64,Derelict Land
S12000018,2009,Count,Hectares,98,Urban Vacant Land
S12000018,2003,Count,Hectares,73,Urban Vacant Land
S12000018,2014,Count,Hectares,26,Derelict Land
S12000018,2005,Count,Hectares,75,Urban Vacant Land
S12000018,2007,Count,Hectares,26,Derelict Land
S12000018,2008,Count,Hectares,101,Urban Vacant Land
S12000018,2006,Count,Hectares,40,Derelict Land
S12000018,2004,Count,Hectares,71,Urban Vacant Land
S12000018,2012,Count,Hectares,117,Urban Vacant Land
S12000018,2019,Count,Hectares,93,Urban Vacant Land
S12000018,2009,Count,Hectares,24,Derelict Land
S12000018,2016,Count,Hectares,78,Urban Vacant Land
S12000018,2018,Count,Hectares,83,Derelict Land
S12000018,2016,Count,Hectares,82,Derelict Land
S12000018,2011,Count,Hectares,25,Derelict Land
S12000018,2011,Count,Hectares,98,Urban Vacant Land
S12000018,2012,Count,Hectares,24,Derelict Land
S12000018,2008,Count,Hectares,24,Derelict Land
S12000018,2017,Count,Hectares,81,Derelict Land
S12000018,2010,Count,Hectares,24,Derelict Land
S12000018,2010,Count,Hectares,98,Urban Vacant Land
S12000018,2015,Count,Hectares,28,Derelict Land
S12000018,2015,Count,Hectares,136,Urban Vacant Land
S12000018,2006,Count,Hectares,85,Urban Vacant Land
S12000018,2013,Count,Hectares,26,Derelict Land
S12000018,2017,Count,Hectares,75,Urban Vacant Land
S12000018,2014,Count,Hectares,120,Urban Vacant Land
S12000018,2007,Count,Hectares,80,Urban Vacant Land
S12000018,2002,Count,Hectares,62,Urban Vacant Land
S12000018,2019,Count,Hectares,59,Derelict Land
S12000019,2006,Count,Hectares,279,Derelict Land
S12000019,2008,Count,Hectares,261,Derelict Land
S12000019,2003,Count,Hectares,262,Derelict Land
S12000019,2007,Count,Hectares,267,Derelict Land
S12000019,2015,Count,Hectares,189,Derelict Land
S12000019,2012,Count,Hectares,254,Derelict Land
S12000019,2004,Count,Hectares,288,Derelict Land
S12000019,2010,Count,Hectares,259,Derelict Land
S12000019,2017,Count,Hectares,13,Urban Vacant Land
S12000019,2019,Count,Hectares,100,Derelict Land
S12000019,2013,Count,Hectares,18,Urban Vacant Land
S12000019,2019,Count,Hectares,22,Urban Vacant Land
S12000019,2018,Count,Hectares,108,Derelict Land
S12000019,2018,Count,Hectares,13,Urban Vacant Land
S12000019,2016,Count,Hectares,182,Derelict Land
S12000019,2005,Count,Hectares,33,Urban Vacant Land
S12000019,2017,Count,Hectares,108,Derelict Land
S12000019,2010,Count,Hectares,15,Urban Vacant Land
S12000019,2015,Count,Hectares,12,Urban Vacant Land
S12000019,2012,Count,Hectares,17,Urban Vacant Land
S12000019,2009,Count,Hectares,20,Urban Vacant Land
S12000019,2008,Count,Hectares,21,Urban Vacant Land
S12000019,2006,Count,Hectares,26,Urban Vacant Land
S12000019,2014,Count,Hectares,12,Urban Vacant Land
S12000019,2003,Count,Hectares,30,Urban Vacant Land
S12000019,2007,Count,Hectares,21,Urban Vacant Land
S12000019,2011,Count,Hectares,17,Urban Vacant Land
S12000019,2016,Count,Hectares,11,Urban Vacant Land
S12000019,2004,Count,Hectares,34,Urban Vacant Land
S12000019,2002,Count,Hectares,27,Urban Vacant Land
S12000019,2002,Count,Hectares,259,Derelict Land
S12000019,2005,Count,Hectares,287,Derelict Land
S12000019,2009,Count,Hectares,260,Derelict Land
S12000019,2013,Count,Hectares,254,Derelict Land
S12000019,2014,Count,Hectares,205,Derelict Land
S12000019,2011,Count,Hectares,256,Derelict Land
S12000020,2007,Count,Hectares,22,Urban Vacant Land
S12000020,2004,Count,Hectares,29,Urban Vacant Land
S12000020,2010,Count,Hectares,24,Urban Vacant Land
S12000020,2003,Count,Hectares,31,Urban Vacant Land
S12000020,2013,Count,Hectares,12,Urban Vacant Land
S12000020,2014,Count,Hectares,12,Urban Vacant Land
S12000020,2018,Count,Hectares,7,Derelict Land
S12000020,2006,Count,Hectares,7,Derelict Land
S12000020,2019,Count,Hectares,8,Urban Vacant Land
S12000020,2012,Count,Hectares,14,Urban Vacant Land
S12000020,2011,Count,Hectares,2,Derelict Land
S12000020,2011,Count,Hectares,17,Urban Vacant Land
S12000020,2005,Count,Hectares,29,Urban Vacant Land
S12000020,2002,Count,Hectares,7,Derelict Land
S12000020,2004,Count,Hectares,7,Derelict Land
S12000020,2002,Count,Hectares,31,Urban Vacant Land
S12000020,2009,Count,Hectares,20,Urban Vacant Land
S12000020,2008,Count,Hectares,22,Urban Vacant Land
S12000020,2003,Count,Hectares,7,Derelict Land
S12000020,2006,Count,Hectares,27,Urban Vacant Land
S12000020,2005,Count,Hectares,7,Derelict Land
S12000020,2015,Count,Hectares,7,Urban Vacant Land
S12000020,2017,Count,Hectares,8,Urban Vacant Land
S12000020,2016,Count,Hectares,7,Derelict Land
S12000020,2008,Count,Hectares,7,Derelict Land
S12000020,2009,Count,Hectares,6,Derelict Land
S12000020,2012,Count,Hectares,3,Derelict Land
S12000020,2014,Count,Hectares,9,Derelict Land
S12000020,2015,Count,Hectares,8,Derelict Land
S12000020,2013,Count,Hectares,9,Derelict Land
S12000020,2017,Count,Hectares,7,Derelict Land
S12000020,2007,Count,Hectares,7,Derelict Land
S12000020,2010,Count,Hectares,3,Derelict Land
S12000020,2016,Count,Hectares,7,Urban Vacant Land
S12000020,2018,Count,Hectares,8,Urban Vacant Land
S12000020,2019,Count,Hectares,7,Derelict Land
S12000021,2014,Count,Hectares,1137,Derelict Land
S12000021,2009,Count,Hectares,1114,Derelict Land
S12000021,2008,Count,Hectares,1099,Derelict Land
S12000021,2007,Count,Hectares,1071,Derelict Land
S12000021,2005,Count,Hectares,201,Urban Vacant Land
S12000021,2010,Count,Hectares,199,Urban Vacant Land
S12000021,2011,Count,Hectares,226,Urban Vacant Land
S12000021,2015,Count,Hectares,218,Urban Vacant Land
S12000021,2007,Count,Hectares,208,Urban Vacant Land
S12000021,2003,Count,Hectares,188,Urban Vacant Land
S12000021,2004,Count,Hectares,184,Urban Vacant Land
S12000021,2012,Count,Hectares,231,Urban Vacant Land
S12000021,2013,Count,Hectares,223,Urban Vacant Land
S12000021,2009,Count,Hectares,202,Urban Vacant Land
S12000021,2002,Count,Hectares,148,Urban Vacant Land
S12000021,2012,Count,Hectares,1124,Derelict Land
S12000021,2006,Count,Hectares,194,Urban Vacant Land
S12000021,2014,Count,Hectares,218,Urban Vacant Land
S12000021,2019,Count,Hectares,176,Urban Vacant Land
S12000021,2016,Count,Hectares,215,Urban Vacant Land
S12000021,2017,Count,Hectares,199,Urban Vacant Land
S12000021,2018,Count,Hectares,181,Urban Vacant Land
S12000021,2015,Count,Hectares,1129,Derelict Land
S12000021,2002,Count,Hectares,270,Derelict Land
S12000021,2003,Count,Hectares,356,Derelict Land
S12000021,2011,Count,Hectares,1127,Derelict Land
S12000021,2005,Count,Hectares,345,Derelict Land
S12000021,2008,Count,Hectares,203,Urban Vacant Land
S12000021,2006,Count,Hectares,996,Derelict Land
S12000021,2016,Count,Hectares,1127,Derelict Land
S12000021,2018,Count,Hectares,1098,Derelict Land
S12000021,2013,Count,Hectares,1125,Derelict Land
S12000021,2017,Count,Hectares,1147,Derelict Land
S12000021,2019,Count,Hectares,1011,Derelict Land
S12000021,2010,Count,Hectares,1114,Derelict Land
S12000021,2004,Count,Hectares,347,Derelict Land
S12000023,2011,Count,Hectares,40,Derelict Land
S12000023,2015,Count,Hectares,0,Urban Vacant Land
S12000023,2009,Count,Hectares,39,Derelict Land
S12000023,2006,Count,Hectares,2,Urban Vacant Land
S12000023,2003,Count,Hectares,2,Urban Vacant Land
S12000023,2013,Count,Hectares,39,Derelict Land
S12000023,2017,Count,Hectares,0,Urban Vacant Land
S12000023,2002,Count,Hectares,43,Derelict Land
S12000023,2013,Count,Hectares,0,Urban Vacant Land
S12000023,2019,Count,Hectares,32,Derelict Land
S12000023,2016,Count,Hectares,39,Derelict Land
S12000023,2009,Count,Hectares,1,Urban Vacant Land
S12000023,2004,Count,Hectares,2,Urban Vacant Land
S12000023,2005,Count,Hectares,2,Urban Vacant Land
S12000023,2010,Count,Hectares,1,Urban Vacant Land
S12000023,2007,Count,Hectares,2,Urban Vacant Land
S12000023,2011,Count,Hectares,1,Urban Vacant Land
S12000023,2014,Count,Hectares,0,Urban Vacant Land
S12000023,2002,Count,Hectares,4,Urban Vacant Land
S12000023,2008,Count,Hectares,1,Urban Vacant Land
S12000023,2012,Count,Hectares,1,Urban Vacant Land
S12000023,2017,Count,Hectares,39,Derelict Land
S12000023,2019,Count,Hectares,0,Urban Vacant Land
S12000023,2004,Count,Hectares,41,Derelict Land
S12000023,2007,Count,Hectares,40,Derelict Land
S12000023,2018,Count,Hectares,32,Derelict Land
S12000023,2018,Count,Hectares,0,Urban Vacant Land
S12000023,2008,Count,Hectares,39,Derelict Land
S12000023,2012,Count,Hectares,40,Derelict Land
S12000023,2014,Count,Hectares,39,Derelict Land
S12000023,2015,Count,Hectares,39,Derelict Land
S12000023,2006,Count,Hectares,40,Derelict Land
S12000023,2010,Count,Hectares,40,Derelict Land
S12000023,2005,Count,Hectares,41,Derelict Land
S12000023,2003,Count,Hectares,41,Derelict Land
S12000023,2016,Count,Hectares,0,Urban Vacant Land
S12000026,2016,Count,Hectares,26,Urban Vacant Land
S12000026,2003,Count,Hectares,15,Urban Vacant Land
S12000026,2008,Count,Hectares,75,Derelict Land
S12000026,2004,Count,Hectares,44,Derelict Land
S12000026,2011,Count,Hectares,57,Derelict Land
S12000026,2006,Count,Hectares,49,Derelict Land
S12000026,2005,Count,Hectares,44,Derelict Land
S12000026,2015,Count,Hectares,26,Urban Vacant Land
S12000026,2010,Count,Hectares,29,Urban Vacant Land
S12000026,2013,Count,Hectares,28,Urban Vacant Land
S12000026,2002,Count,Hectares,15,Urban Vacant Land
S12000026,2016,Count,Hectares,49,Derelict Land
S12000026,2012,Count,Hectares,28,Urban Vacant Land
S12000026,2005,Count,Hectares,15,Urban Vacant Land
S12000026,2006,Count,Hectares,6,Urban Vacant Land
S12000026,2011,Count,Hectares,26,Urban Vacant Land
S12000026,2008,Count,Hectares,14,Urban Vacant Land
S12000026,2014,Count,Hectares,27,Urban Vacant Land
S12000026,2009,Count,Hectares,30,Urban Vacant Land
S12000026,2017,Count,Hectares,24,Urban Vacant Land
S12000026,2007,Count,Hectares,93,Derelict Land
S12000026,2004,Count,Hectares,15,Urban Vacant Land
S12000026,2007,Count,Hectares,14,Urban Vacant Land
S12000026,2019,Count,Hectares,46,Derelict Land
S12000026,2013,Count,Hectares,54,Derelict Land
S12000026,2018,Count,Hectares,22,Urban Vacant Land
S12000026,2014,Count,Hectares,49,Derelict Land
S12000026,2015,Count,Hectares,49,Derelict Land
S12000026,2009,Count,Hectares,70,Derelict Land
S12000026,2012,Count,Hectares,58,Derelict Land
S12000026,2003,Count,Hectares,44,Derelict Land
S12000026,2019,Count,Hectares,21,Urban Vacant Land
S12000026,2017,Count,Hectares,46,Derelict Land
S12000026,2018,Count,Hectares,45,Derelict Land
S12000026,2010,Count,Hectares,62,Derelict Land
S12000026,2002,Count,Hectares,44,Derelict Land
S12000027,2006,Count,Hectares,3,Urban Vacant Land
S12000027,2003,Count,Hectares,2,Urban Vacant Land
S12000027,2009,Count,Hectares,3,Urban Vacant Land
S12000027,2002,Count,Hectares,2,Urban Vacant Land
S12000027,2016,Count,Hectares,5,Derelict Land
S12000027,2014,Count,Hectares,2,Urban Vacant Land
S12000027,2005,Count,Hectares,1,Urban Vacant Land
S12000027,2018,Count,Hectares,1,Urban Vacant Land
S12000027,2018,Count,Hectares,6,Derelict Land
S12000027,2019,Count,Hectares,1,Urban Vacant Land
S12000027,2013,Count,Hectares,2,Urban Vacant Land
S12000027,2004,Count,Hectares,2,Urban Vacant Land
S12000027,2010,Count,Hectares,2,Urban Vacant Land
S12000027,2002,Count,Hectares,2,Derelict Land
S12000027,2014,Count,Hectares,5,Derelict Land
S12000027,2007,Count,Hectares,3,Urban Vacant Land
S12000027,2008,Count,Hectares,3,Urban Vacant Land
S12000027,2011,Count,Hectares,2,Urban Vacant Land
S12000027,2015,Count,Hectares,1,Urban Vacant Land
S12000027,2012,Count,Hectares,2,Urban Vacant Land
S12000027,2007,Count,Hectares,7,Derelict Land
S12000027,2003,Count,Hectares,1,Derelict Land
S12000027,2012,Count,Hectares,7,Derelict Land
S12000027,2019,Count,Hectares,6,Derelict Land
S12000027,2015,Count,Hectares,5,Derelict Land
S12000027,2006,Count,Hectares,7,Derelict Land
S12000027,2010,Count,Hectares,7,Derelict Land
S12000027,2013,Count,Hectares,7,Derelict Land
S12000027,2005,Count,Hectares,1,Derelict Land
S12000027,2009,Count,Hectares,7,Derelict Land
S12000027,2017,Count,Hectares,6,Derelict Land
S12000027,2011,Count,Hectares,7,Derelict Land
S12000027,2017,Count,Hectares,1,Urban Vacant Land
S12000027,2008,Count,Hectares,7,Derelict Land
S12000027,2004,Count,Hectares,1,Derelict Land
S12000027,2016,Count,Hectares,1,Urban Vacant Land
S12000028,2013,Count,Hectares,70,Derelict Land
S12000028,2017,Count,Hectares,81,Derelict Land
S12000028,2008,Count,Hectares,14,Urban Vacant Land
S12000028,2007,Count,Hectares,106,Derelict Land
S12000028,2013,Count,Hectares,32,Urban Vacant Land
S12000028,2009,Count,Hectares,14,Urban Vacant Land
S12000028,2002,Count,Hectares,31,Urban Vacant Land
S12000028,2011,Count,Hectares,26,Urban Vacant Land
S12000028,2006,Count,Hectares,19,Urban Vacant Land
S12000028,2007,Count,Hectares,17,Urban Vacant Land
S12000028,2005,Count,Hectares,19,Urban Vacant Land
S12000028,2008,Count,Hectares,100,Derelict Land
S12000028,2018,Count,Hectares,96,Derelict Land
S12000028,2002,Count,Hectares,125,Derelict Land
S12000028,2019,Count,Hectares,18,Urban Vacant Land
S12000028,2003,Count,Hectares,127,Derelict Land
S12000028,2004,Count,Hectares,127,Derelict Land
S12000028,2015,Count,Hectares,75,Derelict Land
S12000028,2010,Count,Hectares,70,Derelict Land
S12000028,2011,Count,Hectares,71,Derelict Land
S12000028,2006,Count,Hectares,117,Derelict Land
S12000028,2012,Count,Hectares,71,Derelict Land
S12000028,2005,Count,Hectares,117,Derelict Land
S12000028,2014,Count,Hectares,70,Derelict Land
S12000028,2018,Count,Hectares,23,Urban Vacant Land
S12000028,2019,Count,Hectares,110,Derelict Land
S12000028,2009,Count,Hectares,73,Derelict Land
S12000028,2004,Count,Hectares,21,Urban Vacant Land
S12000028,2016,Count,Hectares,25,Urban Vacant Land
S12000028,2010,Count,Hectares,24,Urban Vacant Land
S12000028,2014,Count,Hectares,31,Urban Vacant Land
S12000028,2016,Count,Hectares,81,Derelict Land
S12000028,2012,Count,Hectares,27,Urban Vacant Land
S12000028,2017,Count,Hectares,24,Urban Vacant Land
S12000028,2003,Count,Hectares,21,Urban Vacant Land
S12000028,2015,Count,Hectares,32,Urban Vacant Land
S12000029,2012,Count,Hectares,120,Urban Vacant Land
S12000029,2006,Count,Hectares,416,Derelict Land
S12000029,2016,Count,Hectares,115,Urban Vacant Land
S12000029,2016,Count,Hectares,296,Derelict Land
S12000029,2007,Count,Hectares,402,Derelict Land
S12000029,2013,Count,Hectares,356,Derelict Land
S12000029,2009,Count,Hectares,378,Derelict Land
S12000029,2005,Count,Hectares,435,Derelict Land
S12000029,2012,Count,Hectares,350,Derelict Land
S12000029,2019,Count,Hectares,86,Urban Vacant Land
S12000029,2008,Count,Hectares,386,Derelict Land
S12000029,2002,Count,Hectares,491,Derelict Land
S12000029,2018,Count,Hectares,94,Urban Vacant Land
S12000029,2011,Count,Hectares,106,Urban Vacant Land
S12000029,2009,Count,Hectares,132,Urban Vacant Land
S12000029,2018,Count,Hectares,296,Derelict Land
S12000029,2019,Count,Hectares,291,Derelict Land
S12000029,2003,Count,Hectares,160,Urban Vacant Land
S12000029,2010,Count,Hectares,122,Urban Vacant Land
S12000029,2017,Count,Hectares,116,Urban Vacant Land
S12000029,2015,Count,Hectares,122,Urban Vacant Land
S12000029,2017,Count,Hectares,306,Derelict Land
S12000029,2014,Count,Hectares,127,Urban Vacant Land
S12000029,2002,Count,Hectares,166,Urban Vacant Land
S12000029,2013,Count,Hectares,119,Urban Vacant Land
S12000029,2008,Count,Hectares,138,Urban Vacant Land
S12000029,2005,Count,Hectares,137,Urban Vacant Land
S12000029,2010,Count,Hectares,378,Derelict Land
S12000029,2004,Count,Hectares,471,Derelict Land
S12000029,2015,Count,Hectares,340,Derelict Land
S12000029,2004,Count,Hectares,148,Urban Vacant Land
S12000029,2003,Count,Hectares,480,Derelict Land
S12000029,2006,Count,Hectares,122,Urban Vacant Land
S12000029,2014,Count,Hectares,345,Derelict Land
S12000029,2007,Count,Hectares,121,Urban Vacant Land
S12000029,2011,Count,Hectares,370,Derelict Land
S12000030,2004,Count,Hectares,159,Derelict Land
S12000030,2003,Count,Hectares,164,Derelict Land
S12000030,2015,Count,Hectares,122,Derelict Land
S12000030,2011,Count,Hectares,136,Derelict Land
S12000030,2016,Count,Hectares,35,Urban Vacant Land
S12000030,2019,Count,Hectares,26,Urban Vacant Land
S12000030,2008,Count,Hectares,139,Derelict Land
S12000030,2014,Count,Hectares,33,Urban Vacant Land
S12000030,2014,Count,Hectares,123,Derelict Land
S12000030,2002,Count,Hectares,155,Derelict Land
S12000030,2007,Count,Hectares,141,Derelict Land
S12000030,2018,Count,Hectares,108,Derelict Land
S12000030,2012,Count,Hectares,137,Derelict Land
S12000030,2017,Count,Hectares,32,Urban Vacant Land
S12000030,2013,Count,Hectares,123,Derelict Land
S12000030,2005,Count,Hectares,159,Derelict Land
S12000030,2009,Count,Hectares,139,Derelict Land
S12000030,2006,Count,Hectares,154,Derelict Land
S12000030,2010,Count,Hectares,140,Derelict Land
S12000030,2005,Count,Hectares,29,Urban Vacant Land
S12000030,2018,Count,Hectares,28,Urban Vacant Land
S12000030,2006,Count,Hectares,28,Urban Vacant Land
S12000030,2003,Count,Hectares,36,Urban Vacant Land
S12000030,2009,Count,Hectares,37,Urban Vacant Land
S12000030,2007,Count,Hectares,25,Urban Vacant Land
S12000030,2013,Count,Hectares,44,Urban Vacant Land
S12000030,2011,Count,Hectares,39,Urban Vacant Land
S12000030,2012,Count,Hectares,40,Urban Vacant Land
S12000030,2010,Count,Hectares,37,Urban Vacant Land
S12000030,2002,Count,Hectares,39,Urban Vacant Land
S12000030,2016,Count,Hectares,108,Derelict Land
S12000030,2004,Count,Hectares,34,Urban Vacant Land
S12000030,2017,Count,Hectares,108,Derelict Land
S12000030,2015,Count,Hectares,32,Urban Vacant Land
S12000030,2019,Count,Hectares,110,Derelict Land
S12000030,2008,Count,Hectares,25,Urban Vacant Land
S12000033,2006,Count,Hectares,52,Urban Vacant Land
S12000033,2004,Count,Hectares,64,Derelict Land
S12000033,2006,Count,Hectares,26,Derelict Land
S12000033,2012,Count,Hectares,27,Derelict Land
S12000033,2007,Count,Hectares,27,Derelict Land
S12000033,2009,Count,Hectares,29,Derelict Land
S12000033,2007,Count,Hectares,35,Urban Vacant Land
S12000033,2010,Count,Hectares,20,Derelict Land
S12000033,2015,Count,Hectares,21,Derelict Land
S12000033,2004,Count,Hectares,53,Urban Vacant Land
S12000033,2003,Count,Hectares,37,Urban Vacant Land
S12000033,2011,Count,Hectares,30,Urban Vacant Land
S12000033,2014,Count,Hectares,22,Urban Vacant Land
S12000033,2016,Count,Hectares,22,Urban Vacant Land
S12000033,2015,Count,Hectares,17,Urban Vacant Land
S12000033,2013,Count,Hectares,23,Urban Vacant Land
S12000033,2003,Count,Hectares,54,Derelict Land
S12000033,2010,Count,Hectares,39,Urban Vacant Land
S12000033,2002,Count,Hectares,64,Derelict Land
S12000033,2009,Count,Hectares,28,Urban Vacant Land
S12000033,2013,Count,Hectares,29,Derelict Land
S12000033,2008,Count,Hectares,30,Derelict Land
S12000033,2002,Count,Hectares,69,Urban Vacant Land
S12000033,2011,Count,Hectares,20,Derelict Land
S12000033,2005,Count,Hectares,60,Derelict Land
S12000033,2014,Count,Hectares,25,Derelict Land
S12000033,2005,Count,Hectares,79,Urban Vacant Land
S12000033,2012,Count,Hectares,27,Urban Vacant Land
S12000033,2008,Count,Hectares,24,Urban Vacant Land
S12000033,2017,Count,Hectares,22,Urban Vacant Land
S12000033,2016,Count,Hectares,16,Derelict Land
S12000033,2018,Count,Hectares,30,Urban Vacant Land
S12000033,2018,Count,Hectares,13,Derelict Land
S12000033,2019,Count,Hectares,13,Derelict Land
S12000033,2017,Count,Hectares,13,Derelict Land
S12000033,2019,Count,Hectares,39,Urban Vacant Land
S12000034,2004,Count,Hectares,104,Derelict Land
S12000034,2019,Count,Hectares,34,Urban Vacant Land
S12000034,2007,Count,Hectares,51,Derelict Land
S12000034,2002,Count,Hectares,105,Derelict Land
S12000034,2007,Count,Hectares,39,Urban Vacant Land
S12000034,2008,Count,Hectares,39,Urban Vacant Land
S12000034,2013,Count,Hectares,40,Urban Vacant Land
S12000034,2006,Count,Hectares,51,Derelict Land
S12000034,2009,Count,Hectares,28,Urban Vacant Land
S12000034,2006,Count,Hectares,27,Urban Vacant Land
S12000034,2018,Count,Hectares,35,Urban Vacant Land
S12000034,2004,Count,Hectares,17,Urban Vacant Land
S12000034,2008,Count,Hectares,51,Derelict Land
S12000034,2002,Count,Hectares,20,Urban Vacant Land
S12000034,2005,Count,Hectares,14,Urban Vacant Land
S12000034,2019,Count,Hectares,42,Derelict Land
S12000034,2009,Count,Hectares,38,Derelict Land
S12000034,2005,Count,Hectares,36,Derelict Land
S12000034,2010,Count,Hectares,38,Derelict Land
S12000034,2003,Count,Hectares,17,Urban Vacant Land
S12000034,2018,Count,Hectares,43,Derelict Land
S12000034,2017,Count,Hectares,45,Derelict Land
S12000034,2011,Count,Hectares,35,Derelict Land
S12000034,2015,Count,Hectares,34,Derelict Land
S12000034,2016,Count,Hectares,38,Derelict Land
S12000034,2012,Count,Hectares,35,Derelict Land
S12000034,2017,Count,Hectares,35,Urban Vacant Land
S12000034,2016,Count,Hectares,41,Urban Vacant Land
S12000034,2013,Count,Hectares,35,Derelict Land
S12000034,2010,Count,Hectares,28,Urban Vacant Land
S12000034,2014,Count,Hectares,37,Urban Vacant Land
S12000034,2012,Count,Hectares,48,Urban Vacant Land
S12000034,2015,Count,Hectares,37,Urban Vacant Land
S12000034,2014,Count,Hectares,34,Derelict Land
S12000034,2003,Count,Hectares,104,Derelict Land
S12000034,2011,Count,Hectares,46,Urban Vacant Land
S12000035,2007,Count,Hectares,7,Derelict Land
S12000035,2014,Count,Hectares,8,Derelict Land
S12000035,2005,Count,Hectares,7,Derelict Land
S12000035,2019,Count,Hectares,18,Urban Vacant Land
S12000035,2006,Count,Hectares,6,Derelict Land
S12000035,2015,Count,Hectares,37,Derelict Land
S12000035,2015,Count,Hectares,22,Urban Vacant Land
S12000035,2006,Count,Hectares,76,Urban Vacant Land
S12000035,2005,Count,Hectares,21,Urban Vacant Land
S12000035,2004,Count,Hectares,21,Urban Vacant Land
S12000035,2002,Count,Hectares,21,Urban Vacant Land
S12000035,2008,Count,Hectares,34,Urban Vacant Land
S12000035,2016,Count,Hectares,37,Derelict Land
S12000035,2017,Count,Hectares,20,Urban Vacant Land
S12000035,2017,Count,Hectares,37,Derelict Land
S12000035,2018,Count,Hectares,38,Derelict Land
S12000035,2016,Count,Hectares,21,Urban Vacant Land
S12000035,2010,Count,Hectares,21,Urban Vacant Land
S12000035,2003,Count,Hectares,21,Urban Vacant Land
S12000035,2011,Count,Hectares,21,Urban Vacant Land
S12000035,2018,Count,Hectares,20,Urban Vacant Land
S12000035,2019,Count,Hectares,38,Derelict Land
S12000035,2013,Count,Hectares,25,Urban Vacant Land
S12000035,2007,Count,Hectares,54,Urban Vacant Land
S12000035,2012,Count,Hectares,26,Urban Vacant Land
S12000035,2009,Count,Hectares,28,Urban Vacant Land
S12000035,2014,Count,Hectares,23,Urban Vacant Land
S12000035,2011,Count,Hectares,8,Derelict Land
S12000035,2010,Count,Hectares,9,Derelict Land
S12000035,2009,Count,Hectares,6,Derelict Land
S12000035,2013,Count,Hectares,9,Derelict Land
S12000035,2012,Count,Hectares,8,Derelict Land
S12000035,2004,Count,Hectares,9,Derelict Land
S12000035,2008,Count,Hectares,7,Derelict Land
S12000035,2003,Count,Hectares,9,Derelict Land
S12000035,2002,Count,Hectares,9,Derelict Land
S12000036,2011,Count,Hectares,97,Urban Vacant Land
S12000036,2016,Count,Hectares,96,Derelict Land
S12000036,2004,Count,Hectares,49,Urban Vacant Land
S12000036,2002,Count,Hectares,67,Urban Vacant Land
S12000036,2014,Count,Hectares,97,Urban Vacant Land
S12000036,2009,Count,Hectares,130,Derelict Land
S12000036,2007,Count,Hectares,83,Urban Vacant Land
S12000036,2007,Count,Hectares,121,Derelict Land
S12000036,2011,Count,Hectares,126,Derelict Land
S12000036,2012,Count,Hectares,114,Derelict Land
S12000036,2017,Count,Hectares,91,Derelict Land
S12000036,2019,Count,Hectares,87,Derelict Land
S12000036,2013,Count,Hectares,112,Derelict Land
S12000036,2010,Count,Hectares,121,Derelict Land
S12000036,2004,Count,Hectares,104,Derelict Land
S12000036,2002,Count,Hectares,136,Derelict Land
S12000036,2016,Count,Hectares,72,Urban Vacant Land
S12000036,2018,Count,Hectares,88,Derelict Land
S12000036,2010,Count,Hectares,96,Urban Vacant Land
S12000036,2003,Count,Hectares,57,Urban Vacant Land
S12000036,2008,Count,Hectares,96,Urban Vacant Land
S12000036,2003,Count,Hectares,102,Derelict Land
S12000036,2015,Count,Hectares,96,Derelict Land
S12000036,2017,Count,Hectares,87,Urban Vacant Land
S12000036,2015,Count,Hectares,88,Urban Vacant Land
S12000036,2009,Count,Hectares,95,Urban Vacant Land
S12000036,2006,Count,Hectares,84,Urban Vacant Land
S12000036,2018,Count,Hectares,77,Urban Vacant Land
S12000036,2006,Count,Hectares,109,Derelict Land
S12000036,2008,Count,Hectares,125,Derelict Land
S12000036,2014,Count,Hectares,111,Derelict Land
S12000036,2013,Count,Hectares,100,Urban Vacant Land
S12000036,2019,Count,Hectares,64,Urban Vacant Land
S12000036,2005,Count,Hectares,91,Urban Vacant Land
S12000036,2005,Count,Hectares,108,Derelict Land
S12000036,2012,Count,Hectares,97,Urban Vacant Land
S12000038,2011,Count,Hectares,189,Urban Vacant Land
S12000038,2012,Count,Hectares,186,Urban Vacant Land
S12000038,2018,Count,Hectares,160,Derelict Land
S12000038,2019,Count,Hectares,82,Urban Vacant Land
S12000038,2017,Count,Hectares,99,Urban Vacant Land
S12000038,2014,Count,Hectares,166,Urban Vacant Land
S12000038,2002,Count,Hectares,163,Urban Vacant Land
S12000038,2005,Count,Hectares,780,Derelict Land
S12000038,2009,Count,Hectares,195,Urban Vacant Land
S12000038,2007,Count,Hectares,183,Urban Vacant Land
S12000038,2004,Count,Hectares,203,Urban Vacant Land
S12000038,2008,Count,Hectares,763,Derelict Land
S12000038,2016,Count,Hectares,152,Urban Vacant Land
S12000038,2013,Count,Hectares,173,Urban Vacant Land
S12000038,2005,Count,Hectares,195,Urban Vacant Land
S12000038,2019,Count,Hectares,149,Derelict Land
S12000038,2016,Count,Hectares,708,Derelict Land
S12000038,2008,Count,Hectares,177,Urban Vacant Land
S12000038,2015,Count,Hectares,165,Urban Vacant Land
S12000038,2006,Count,Hectares,764,Derelict Land
S12000038,2004,Count,Hectares,796,Derelict Land
S12000038,2010,Count,Hectares,765,Derelict Land
S12000038,2014,Count,Hectares,761,Derelict Land
S12000038,2009,Count,Hectares,767,Derelict Land
S12000038,2011,Count,Hectares,767,Derelict Land
S12000038,2015,Count,Hectares,748,Derelict Land
S12000038,2003,Count,Hectares,184,Urban Vacant Land
S12000038,2013,Count,Hectares,784,Derelict Land
S12000038,2003,Count,Hectares,797,Derelict Land
S12000038,2012,Count,Hectares,795,Derelict Land
S12000038,2007,Count,Hectares,767,Derelict Land
S12000038,2010,Count,Hectares,199,Urban Vacant Land
S12000038,2002,Count,Hectares,798,Derelict Land
S12000038,2018,Count,Hectares,95,Urban Vacant Land
S12000038,2006,Count,Hectares,195,Urban Vacant Land
S12000038,2017,Count,Hectares,173,Derelict Land
S12000041,2016,Count,Hectares,42,Urban Vacant Land
S12000041,2011,Count,Hectares,119,Derelict Land
S12000041,2018,Count,Hectares,229,Derelict Land
S12000041,2009,Count,Hectares,52,Urban Vacant Land
S12000041,2013,Count,Hectares,124,Derelict Land
S12000041,2019,Count,Hectares,223,Derelict Land
S12000041,2009,Count,Hectares,112,Derelict Land
S12000041,2006,Count,Hectares,114,Derelict Land
S12000041,2014,Count,Hectares,126,Derelict Land
S12000041,2015,Count,Hectares,112,Derelict Land
S12000041,2007,Count,Hectares,54,Urban Vacant Land
S12000041,2002,Count,Hectares,179,Derelict Land
S12000041,2013,Count,Hectares,49,Urban Vacant Land
S12000041,2019,Count,Hectares,98,Urban Vacant Land
S12000041,2003,Count,Hectares,120,Derelict Land
S12000041,2007,Count,Hectares,111,Derelict Land
S12000041,2004,Count,Hectares,121,Derelict Land
S12000041,2010,Count,Hectares,119,Derelict Land
S12000041,2012,Count,Hectares,124,Derelict Land
S12000041,2003,Count,Hectares,33,Urban Vacant Land
S12000041,2012,Count,Hectares,49,Urban Vacant Land
S12000041,2002,Count,Hectares,33,Urban Vacant Land
S12000041,2004,Count,Hectares,31,Urban Vacant Land
S12000041,2010,Count,Hectares,53,Urban Vacant Land
S12000041,2014,Count,Hectares,57,Urban Vacant Land
S12000041,2005,Count,Hectares,118,Derelict Land
S12000041,2015,Count,Hectares,53,Urban Vacant Land
S12000041,2008,Count,Hectares,52,Urban Vacant Land
S12000041,2017,Count,Hectares,94,Derelict Land
S12000041,2011,Count,Hectares,50,Urban Vacant Land
S12000041,2018,Count,Hectares,52,Urban Vacant Land
S12000041,2008,Count,Hectares,113,Derelict Land
S12000041,2006,Count,Hectares,47,Urban Vacant Land
S12000041,2005,Count,Hectares,53,Urban Vacant Land
S12000041,2016,Count,Hectares,100,Derelict Land
S12000041,2017,Count,Hectares,50,Urban Vacant Land
S12000042,2010,Count,Hectares,188,Urban Vacant Land
S12000042,2016,Count,Hectares,188,Urban Vacant Land
S12000042,2007,Count,Hectares,178,Urban Vacant Land
S12000042,2002,Count,Hectares,187,Urban Vacant Land
S12000042,2009,Count,Hectares,171,Urban Vacant Land
S12000042,2004,Count,Hectares,190,Urban Vacant Land
S12000042,2015,Count,Hectares,199,Urban Vacant Land
S12000042,2016,Count,Hectares,16,Derelict Land
S12000042,2008,Count,Hectares,164,Urban Vacant Land
S12000042,2017,Count,Hectares,14,Derelict Land
S12000042,2012,Count,Hectares,172,Urban Vacant Land
S12000042,2006,Count,Hectares,192,Urban Vacant Land
S12000042,2014,Count,Hectares,193,Urban Vacant Land
S12000042,2005,Count,Hectares,174,Urban Vacant Land
S12000042,2013,Count,Hectares,182,Urban Vacant Land
S12000042,2011,Count,Hectares,184,Urban Vacant Land
S12000042,2003,Count,Hectares,176,Urban Vacant Land
S12000042,2005,Count,Hectares,39,Derelict Land
S12000042,2019,Count,Hectares,14,Derelict Land
S12000042,2017,Count,Hectares,168,Urban Vacant Land
S12000042,2002,Count,Hectares,49,Derelict Land
S12000042,2018,Count,Hectares,17,Derelict Land
S12000042,2007,Count,Hectares,42,Derelict Land
S12000042,2008,Count,Hectares,42,Derelict Land
S12000042,2018,Count,Hectares,167,Urban Vacant Land
S12000042,2010,Count,Hectares,37,Derelict Land
S12000042,2011,Count,Hectares,14,Derelict Land
S12000042,2003,Count,Hectares,45,Derelict Land
S12000042,2009,Count,Hectares,40,Derelict Land
S12000042,2014,Count,Hectares,18,Derelict Land
S12000042,2006,Count,Hectares,42,Derelict Land
S12000042,2013,Count,Hectares,14,Derelict Land
S12000042,2012,Count,Hectares,14,Derelict Land
S12000042,2004,Count,Hectares,44,Derelict Land
S12000042,2015,Count,Hectares,16,Derelict Land
S12000042,2019,Count,Hectares,177,Urban Vacant Land
S12000045,2016,Count,Hectares,67,Derelict Land
S12000045,2005,Count,Hectares,28,Urban Vacant Land
S12000045,2008,Count,Hectares,20,Urban Vacant Land
S12000045,2013,Count,Hectares,10,Urban Vacant Land
S12000045,2015,Count,Hectares,10,Urban Vacant Land
S12000045,2017,Count,Hectares,69,Derelict Land
S12000045,2012,Count,Hectares,14,Urban Vacant Land
S12000045,2019,Count,Hectares,25,Urban Vacant Land
S12000045,2006,Count,Hectares,87,Derelict Land
S12000045,2015,Count,Hectares,61,Derelict Land
S12000045,2014,Count,Hectares,52,Derelict Land
S12000045,2002,Count,Hectares,70,Derelict Land
S12000045,2012,Count,Hectares,57,Derelict Land
S12000045,2018,Count,Hectares,43,Derelict Land
S12000045,2009,Count,Hectares,14,Urban Vacant Land
S12000045,2008,Count,Hectares,57,Derelict Land
S12000045,2019,Count,Hectares,43,Derelict Land
S12000045,2004,Count,Hectares,54,Derelict Land
S12000045,2003,Count,Hectares,60,Urban Vacant Land
S12000045,2006,Count,Hectares,28,Urban Vacant Land
S12000045,2002,Count,Hectares,39,Urban Vacant Land
S12000045,2016,Count,Hectares,10,Urban Vacant Land
S12000045,2011,Count,Hectares,16,Urban Vacant Land
S12000045,2007,Count,Hectares,27,Urban Vacant Land
S12000045,2014,Count,Hectares,10,Urban Vacant Land
S12000045,2010,Count,Hectares,14,Urban Vacant Land
S12000045,2007,Count,Hectares,57,Derelict Land
S12000045,2004,Count,Hectares,57,Urban Vacant Land
S12000045,2011,Count,Hectares,49,Derelict Land
S12000045,2013,Count,Hectares,56,Derelict Land
S12000045,2003,Count,Hectares,53,Derelict Land
S12000045,2005,Count,Hectares,92,Derelict Land
S12000045,2009,Count,Hectares,56,Derelict Land
S12000045,2018,Count,Hectares,26,Urban Vacant Land
S12000045,2010,Count,Hectares,56,Derelict Land
S12000045,2017,Count,Hectares,7,Urban Vacant Land
S12000047,2017,Count,Hectares,614,Derelict Land
S12000047,2012,Count,Hectares,112,Urban Vacant Land
S12000047,2016,Count,Hectares,126,Urban Vacant Land
S12000047,2006,Count,Hectares,110,Urban Vacant Land
S12000047,2011,Count,Hectares,784,Derelict Land
S12000047,2002,Count,Hectares,528,Derelict Land
S12000047,2014,Count,Hectares,826,Derelict Land
S12000047,2010,Count,Hectares,84,Urban Vacant Land
S12000047,2013,Count,Hectares,820,Derelict Land
S12000047,2016,Count,Hectares,615,Derelict Land
S12000047,2006,Count,Hectares,772,Derelict Land
S12000047,2011,Count,Hectares,88,Urban Vacant Land
S12000047,2004,Count,Hectares,692,Derelict Land
S12000047,2013,Count,Hectares,129,Urban Vacant Land
S12000047,2018,Count,Hectares,129,Urban Vacant Land
S12000047,2009,Count,Hectares,84,Urban Vacant Land
S12000047,2019,Count,Hectares,120,Urban Vacant Land
S12000047,2017,Count,Hectares,129,Urban Vacant Land
S12000047,2019,Count,Hectares,600,Derelict Land
S12000047,2008,Count,Hectares,98,Urban Vacant Land
S12000047,2005,Count,Hectares,123,Urban Vacant Land
S12000047,2008,Count,Hectares,738,Derelict Land
S12000047,2014,Count,Hectares,128,Urban Vacant Land
S12000047,2004,Count,Hectares,107,Urban Vacant Land
S12000047,2018,Count,Hectares,611,Derelict Land
S12000047,2015,Count,Hectares,612,Derelict Land
S12000047,2003,Count,Hectares,97,Urban Vacant Land
S12000047,2007,Count,Hectares,770,Derelict Land
S12000047,2005,Count,Hectares,769,Derelict Land
S12000047,2015,Count,Hectares,132,Urban Vacant Land
S12000047,2002,Count,Hectares,80,Urban Vacant Land
S12000047,2007,Count,Hectares,88,Urban Vacant Land
S12000047,2010,Count,Hectares,746,Derelict Land
S12000047,2003,Count,Hectares,626,Derelict Land
S12000047,2012,Count,Hectares,815,Derelict Land
S12000047,2009,Count,Hectares,747,Derelict Land
S12000048,2002,Count,Hectares,8,Urban Vacant Land
S12000048,2018,Count,Hectares,37,Urban Vacant Land
S12000048,2007,Count,Hectares,55,Derelict Land
S12000048,2013,Count,Hectares,41,Derelict Land
S12000048,2014,Count,Hectares,41,Urban Vacant Land
S12000048,2002,Count,Hectares,98,Derelict Land
S12000048,2012,Count,Hectares,40,Derelict Land
S12000048,2011,Count,Hectares,41,Derelict Land
S12000048,2004,Count,Hectares,94,Derelict Land
S12000048,2016,Count,Hectares,38,Urban Vacant Land
S12000048,2009,Count,Hectares,11,Urban Vacant Land
S12000048,2003,Count,Hectares,7,Urban Vacant Land
S12000048,2009,Count,Hectares,40,Derelict Land
S12000048,2007,Count,Hectares,22,Urban Vacant Land
S12000048,2015,Count,Hectares,40,Urban Vacant Land
S12000048,2008,Count,Hectares,11,Urban Vacant Land
S12000048,2006,Count,Hectares,17,Urban Vacant Land
S12000048,2012,Count,Hectares,9,Urban Vacant Land
S12000048,2004,Count,Hectares,18,Urban Vacant Land
S12000048,2010,Count,Hectares,38,Derelict Land
S12000048,2018,Count,Hectares,22,Derelict Land
S12000048,2005,Count,Hectares,28,Urban Vacant Land
S12000048,2010,Count,Hectares,11,Urban Vacant Land
S12000048,2006,Count,Hectares,70,Derelict Land
S12000048,2015,Count,Hectares,32,Derelict Land
S12000048,2017,Count,Hectares,38,Urban Vacant Land
S12000048,2005,Count,Hectares,68,Derelict Land
S12000048,2008,Count,Hectares,30,Derelict Land
S12000048,2013,Count,Hectares,16,Urban Vacant Land
S12000048,2014,Count,Hectares,31,Derelict Land
S12000048,2003,Count,Hectares,98,Derelict Land
S12000048,2019,Count,Hectares,24,Derelict Land
S12000048,2016,Count,Hectares,27,Derelict Land
S12000048,2019,Count,Hectares,36,Urban Vacant Land
S12000048,2011,Count,Hectares,9,Urban Vacant Land
S12000048,2017,Count,Hectares,21,Derelict Land
S21000002,2016,Count,Hectares,25,Derelict Land
S21000002,2019,Count,Hectares,6,Derelict Land
S21000002,2017,Count,Hectares,2,Urban Vacant Land
S21000002,2013,Count,Hectares,5,Urban Vacant Land
S21000002,2017,Count,Hectares,25,Derelict Land
S21000002,2018,Count,Hectares,1,Urban Vacant Land
S21000002,2019,Count,Hectares,1,Urban Vacant Land
S21000002,2013,Count,Hectares,25,Derelict Land
S21000002,2014,Count,Hectares,25,Derelict Land
S21000002,2016,Count,Hectares,2,Urban Vacant Land
S21000002,2014,Count,Hectares,5,Urban Vacant Land
S21000002,2011,Count,Hectares,28,Derelict Land
S21000002,2015,Count,Hectares,25,Derelict Land
S21000002,2012,Count,Hectares,5,Urban Vacant Land
S21000002,2018,Count,Hectares,6,Derelict Land
S21000002,2012,Count,Hectares,15,Derelict Land
S21000002,2011,Count,Hectares,7,Urban Vacant Land
S21000002,2015,Count,Hectares,2,Urban Vacant Land
S12000049,2008,Count,Hectares,723,Derelict Land
S12000049,2013,Count,Hectares,644,Derelict Land
S12000049,2015,Count,Hectares,641,Derelict Land
S12000049,2014,Count,Hectares,533,Urban Vacant Land
S12000049,2011,Count,Hectares,635,Urban Vacant Land
S12000049,2006,Count,Hectares,596,Urban Vacant Land
S12000049,2004,Count,Hectares,579,Urban Vacant Land
S12000049,2005,Count,Hectares,564,Urban Vacant Land
S12000049,2003,Count,Hectares,742,Derelict Land
S12000049,2017,Count,Hectares,621,Derelict Land
S12000049,2006,Count,Hectares,691,Derelict Land
S12000049,2002,Count,Hectares,767,Derelict Land
S12000049,2016,Count,Hectares,640,Derelict Land
S12000049,2016,Count,Hectares,471,Urban Vacant Land
S12000049,2015,Count,Hectares,504,Urban Vacant Land
S12000049,2013,Count,Hectares,552,Urban Vacant Land
S12000049,2010,Count,Hectares,693,Derelict Land
S12000049,2017,Count,Hectares,449,Urban Vacant Land
S12000049,2014,Count,Hectares,638,Derelict Land
S12000049,2011,Count,Hectares,669,Derelict Land
S12000049,2012,Count,Hectares,657,Derelict Land
S12000049,2005,Count,Hectares,750,Derelict Land
S12000049,2004,Count,Hectares,733,Derelict Land
S12000049,2007,Count,Hectares,700,Derelict Land
S12000049,2018,Count,Hectares,425,Urban Vacant Land
S12000049,2018,Count,Hectares,580,Derelict Land
S12000049,2019,Count,Hectares,530,Derelict Land
S12000049,2008,Count,Hectares,609,Urban Vacant Land
S12000049,2012,Count,Hectares,581,Urban Vacant Land
S12000049,2002,Count,Hectares,595,Urban Vacant Land
S12000049,2003,Count,Hectares,591,Urban Vacant Land
S12000049,2007,Count,Hectares,570,Urban Vacant Land
S12000049,2009,Count,Hectares,719,Derelict Land
S12000049,2019,Count,Hectares,424,Urban Vacant Land
S12000049,2009,Count,Hectares,636,Urban Vacant Land
S12000049,2010,Count,Hectares,636,Urban Vacant Land
S12000050,2003,Count,Hectares,418,Urban Vacant Land
S12000050,2011,Count,Hectares,253,Urban Vacant Land
S12000050,2010,Count,Hectares,301,Urban Vacant Land
S12000050,2008,Count,Hectares,262,Urban Vacant Land
S12000050,2009,Count,Hectares,317,Urban Vacant Land
S12000050,2005,Count,Hectares,316,Urban Vacant Land
S12000050,2006,Count,Hectares,304,Urban Vacant Land
S12000050,2017,Count,Hectares,157,Urban Vacant Land
S12000050,2016,Count,Hectares,157,Urban Vacant Land
S12000050,2002,Count,Hectares,462,Urban Vacant Land
S12000050,2004,Count,Hectares,325,Urban Vacant Land
S12000050,2015,Count,Hectares,159,Urban Vacant Land
S12000050,2014,Count,Hectares,171,Urban Vacant Land
S12000050,2019,Count,Hectares,169,Urban Vacant Land
S12000050,2008,Count,Hectares,1085,Derelict Land
S12000050,2011,Count,Hectares,1165,Derelict Land
S12000050,2010,Count,Hectares,1137,Derelict Land
S12000050,2002,Count,Hectares,1041,Derelict Land
S12000050,2003,Count,Hectares,992,Derelict Land
S12000050,2019,Count,Hectares,1218,Derelict Land
S12000050,2018,Count,Hectares,157,Urban Vacant Land
S12000050,2018,Count,Hectares,1204,Derelict Land
S12000050,2006,Count,Hectares,1058,Derelict Land
S12000050,2016,Count,Hectares,1086,Derelict Land
S12000050,2017,Count,Hectares,1141,Derelict Land
S12000050,2007,Count,Hectares,1073,Derelict Land
S12000050,2004,Count,Hectares,1009,Derelict Land
S12000050,2013,Count,Hectares,1148,Derelict Land
S12000050,2007,Count,Hectares,275,Urban Vacant Land
S12000050,2013,Count,Hectares,171,Urban Vacant Land
S12000050,2012,Count,Hectares,218,Urban Vacant Land
S12000050,2009,Count,Hectares,1146,Derelict Land
S12000050,2012,Count,Hectares,1156,Derelict Land
S12000050,2015,Count,Hectares,1120,Derelict Land
S12000050,2014,Count,Hectares,1142,Derelict Land
S12000050,2005,Count,Hectares,1025,Derelict Land
