FeatureCode,DateCode,Measurement,Units,Value,Working Pattern
S12000039,2017,Ratio,Percentage,13.8,All Patterns
S12000039,2009,Ratio,Percentage,-12.5,Part Time
S12000039,2005,Ratio,Percentage,19,All Patterns
S12000039,2006,Ratio,Percentage,16.6,Full Time
S12000039,2005,Ratio,Percentage,-4.5,Part Time
S12000039,2015,Ratio,Percentage,4.3,Full Time
S12000039,2011,Ratio,Percentage,-3.7,All Patterns
S12000039,2016,Ratio,Percentage,13.2,All Patterns
S12000039,2016,Ratio,Percentage,-25.1,Part Time
S12000039,2019,Ratio,Percentage,17,Full Time
S12000039,2006,Ratio,Percentage,-24.7,Part Time
S12000039,1999,Ratio,Percentage,25.2,All Patterns
S12000039,2014,Ratio,Percentage,5.7,Full Time
S12000039,2005,Ratio,Percentage,13.2,Full Time
S12000039,1998,Ratio,Percentage,26.5,Full Time
S12000039,2011,Ratio,Percentage,10.8,Full Time
S12000039,2015,Ratio,Percentage,18.4,All Patterns
S12000039,2008,Ratio,Percentage,-3.1,Part Time
S12000039,2000,Ratio,Percentage,15.6,Full Time
S12000039,2003,Ratio,Percentage,28.9,All Patterns
S12000039,2004,Ratio,Percentage,26.7,All Patterns
S12000039,2013,Ratio,Percentage,16.3,Full Time
S12000039,2013,Ratio,Percentage,22.3,All Patterns
S12000039,1997,Ratio,Percentage,31.9,All Patterns
S12000039,2019,Ratio,Percentage,-5,Part Time
S12000039,2007,Ratio,Percentage,24.3,All Patterns
S12000039,2007,Ratio,Percentage,23.1,Full Time
S12000039,2010,Ratio,Percentage,-17.5,Part Time
S12000039,2010,Ratio,Percentage,21.6,Full Time
S12000039,2010,Ratio,Percentage,23.6,All Patterns
S12000039,1997,Ratio,Percentage,20,Part Time
S12000039,2009,Ratio,Percentage,9.1,Full Time
S12000039,2012,Ratio,Percentage,20.3,All Patterns
S12000039,2008,Ratio,Percentage,16.2,Full Time
S12000039,2011,Ratio,Percentage,-15.7,Part Time
S12000039,2003,Ratio,Percentage,-5.9,Part Time
S12000039,2018,Ratio,Percentage,11.1,Full Time
S12000039,2008,Ratio,Percentage,23.3,All Patterns
S12000039,2017,Ratio,Percentage,-9.4,Part Time
S12000039,1998,Ratio,Percentage,34.6,All Patterns
S12000039,2004,Ratio,Percentage,20.1,Part Time
S12000039,1998,Ratio,Percentage,26.4,Part Time
S12000039,2006,Ratio,Percentage,16.6,All Patterns
S12000039,2014,Ratio,Percentage,18.5,All Patterns
S12000039,1999,Ratio,Percentage,11.4,Full Time
S12000039,2004,Ratio,Percentage,15.8,Full Time
S12000039,2002,Ratio,Percentage,17.8,Full Time
S12000039,2015,Ratio,Percentage,-22.3,Part Time
S12000039,2002,Ratio,Percentage,22.8,All Patterns
S12000039,2016,Ratio,Percentage,13.8,Full Time
S12000039,2012,Ratio,Percentage,-16.5,Part Time
S12000039,1997,Ratio,Percentage,19.8,Full Time
S12000039,2012,Ratio,Percentage,10.3,Full Time
S12000039,2019,Ratio,Percentage,25.9,All Patterns
S12000039,2017,Ratio,Percentage,13.4,Full Time
S12000039,2013,Ratio,Percentage,-17.8,Part Time
S12000039,2009,Ratio,Percentage,19.4,All Patterns
S12000039,2003,Ratio,Percentage,24.4,Full Time
S12000039,2018,Ratio,Percentage,19.4,All Patterns
S12000039,2001,Ratio,Percentage,21.7,Full Time
S12000040,2016,Ratio,Percentage,9.2,Full Time
S12000040,2016,Ratio,Percentage,-11.3,Part Time
S12000040,2000,Ratio,Percentage,14.9,All Patterns
S12000040,2009,Ratio,Percentage,18.8,All Patterns
S12000040,2006,Ratio,Percentage,21.3,All Patterns
S12000040,2011,Ratio,Percentage,-12.7,Part Time
S12000040,2011,Ratio,Percentage,9.4,All Patterns
S12000040,2012,Ratio,Percentage,0.5,Full Time
S12000040,2018,Ratio,Percentage,8,Full Time
S12000040,1999,Ratio,Percentage,18,Part Time
S12000040,2008,Ratio,Percentage,7.1,Full Time
S12000040,2017,Ratio,Percentage,-13.7,Part Time
S12000040,2015,Ratio,Percentage,14,All Patterns
S12000040,1997,Ratio,Percentage,28.1,All Patterns
S12000040,2007,Ratio,Percentage,-7.6,Part Time
S12000040,2002,Ratio,Percentage,26,All Patterns
S12000040,2010,Ratio,Percentage,22.9,All Patterns
S12000040,2008,Ratio,Percentage,18.3,All Patterns
S12000040,2001,Ratio,Percentage,18.9,All Patterns
S12000040,2009,Ratio,Percentage,10.3,Full Time
S12000040,2012,Ratio,Percentage,13.3,All Patterns
S12000040,2003,Ratio,Percentage,7.8,Full Time
S12000040,2018,Ratio,Percentage,-22.5,Part Time
S12000040,2015,Ratio,Percentage,-16.7,Part Time
S12000040,2000,Ratio,Percentage,17.3,Part Time
S12000040,1997,Ratio,Percentage,7.9,Part Time
S12000040,2012,Ratio,Percentage,-23.4,Part Time
S12000040,2010,Ratio,Percentage,12.3,Full Time
S12000040,2001,Ratio,Percentage,6.3,Full Time
S12000040,2007,Ratio,Percentage,20.5,All Patterns
S12000040,2004,Ratio,Percentage,-22.6,Part Time
S12000040,1998,Ratio,Percentage,19.1,All Patterns
S12000040,2014,Ratio,Percentage,13.2,All Patterns
S12000040,1997,Ratio,Percentage,19.3,Full Time
S12000040,2003,Ratio,Percentage,3.4,Part Time
S12000040,2009,Ratio,Percentage,-9.9,Part Time
S12000040,2019,Ratio,Percentage,-25.4,Part Time
S12000040,2010,Ratio,Percentage,-6.1,Part Time
S12000040,2013,Ratio,Percentage,17.2,All Patterns
S12000040,2007,Ratio,Percentage,15.9,Full Time
S12000040,2004,Ratio,Percentage,6.6,Full Time
S12000040,2017,Ratio,Percentage,8.1,Full Time
S12000040,2005,Ratio,Percentage,16.6,All Patterns
S12000040,2013,Ratio,Percentage,-16.4,Part Time
S12000040,2015,Ratio,Percentage,2.2,Full Time
S12000040,2017,Ratio,Percentage,10.5,All Patterns
S12000040,2004,Ratio,Percentage,22,All Patterns
S12000040,2014,Ratio,Percentage,1.6,Full Time
S12000040,1999,Ratio,Percentage,17.2,All Patterns
S12000040,2013,Ratio,Percentage,6.6,Full Time
S12000040,2001,Ratio,Percentage,-26.5,Part Time
S12000040,2014,Ratio,Percentage,-23.4,Part Time
S12000040,2003,Ratio,Percentage,20.6,All Patterns
S12000040,2005,Ratio,Percentage,8.3,Full Time
S12000040,1999,Ratio,Percentage,8.3,Full Time
S12000040,2008,Ratio,Percentage,-0.5,Part Time
S12000040,2006,Ratio,Percentage,9.9,Full Time
S12000040,2006,Ratio,Percentage,-4.2,Part Time
S12000040,1998,Ratio,Percentage,10,Full Time
S12000040,2019,Ratio,Percentage,10.3,Full Time
S12000040,2002,Ratio,Percentage,14,Full Time
S12000040,2016,Ratio,Percentage,12.5,All Patterns
S12000040,2000,Ratio,Percentage,1.4,Full Time
S12000040,2019,Ratio,Percentage,16.5,All Patterns
S12000040,2011,Ratio,Percentage,-0.4,Full Time
S12000040,2018,Ratio,Percentage,16.4,All Patterns
S92000003,2003,Ratio,Percentage,22.2,All Patterns
S92000003,2011,Ratio,Percentage,6.6,Full Time
S92000003,2013,Ratio,Percentage,17.5,All Patterns
S92000003,1997,Ratio,Percentage,18.4,Full Time
S92000003,2006,Ratio,Percentage,10.6,Full Time
S92000003,2018,Ratio,Percentage,-7.9,Part Time
S92000003,2010,Ratio,Percentage,7.4,Full Time
S92000003,2019,Ratio,Percentage,-8.6,Part Time
S92000003,2015,Ratio,Percentage,7.7,Full Time
S92000003,1997,Ratio,Percentage,2.2,Part Time
S92000003,2008,Ratio,Percentage,17.7,All Patterns
S92000003,2005,Ratio,Percentage,17.9,All Patterns
S92000003,2000,Ratio,Percentage,18.1,Full Time
S92000003,2005,Ratio,Percentage,9,Full Time
S92000003,2019,Ratio,Percentage,14.3,All Patterns
S92000003,1999,Ratio,Percentage,-4.3,Part Time
S92000003,1998,Ratio,Percentage,-5.9,Part Time
S92000003,2006,Ratio,Percentage,19.8,All Patterns
S92000003,2009,Ratio,Percentage,17.7,All Patterns
S92000003,2012,Ratio,Percentage,17.6,All Patterns
S92000003,1999,Ratio,Percentage,16.7,Full Time
S92000003,1998,Ratio,Percentage,25.8,All Patterns
S92000003,2002,Ratio,Percentage,25,All Patterns
S92000003,2007,Ratio,Percentage,11.9,Full Time
S92000003,2017,Ratio,Percentage,-5.8,Part Time
S92000003,1998,Ratio,Percentage,19.1,Full Time
S92000003,1999,Ratio,Percentage,24.6,All Patterns
S92000003,2004,Ratio,Percentage,11.7,Full Time
S92000003,2001,Ratio,Percentage,17.1,Full Time
S92000003,2002,Ratio,Percentage,15.7,Full Time
S92000003,2003,Ratio,Percentage,13.2,Full Time
S92000003,2015,Ratio,Percentage,17.1,All Patterns
S92000003,2004,Ratio,Percentage,21.3,All Patterns
S92000003,2018,Ratio,Percentage,15,All Patterns
S92000003,2016,Ratio,Percentage,6.4,Full Time
S92000003,2019,Ratio,Percentage,7.1,Full Time
S92000003,2007,Ratio,Percentage,20.4,All Patterns
S92000003,2017,Ratio,Percentage,6.6,Full Time
S92000003,2018,Ratio,Percentage,5.6,Full Time
S92000003,2016,Ratio,Percentage,-9.7,Part Time
S92000003,2000,Ratio,Percentage,25.3,All Patterns
S92000003,2016,Ratio,Percentage,15.6,All Patterns
S92000003,2013,Ratio,Percentage,7.7,Full Time
S92000003,2010,Ratio,Percentage,-8.3,Part Time
S92000003,2011,Ratio,Percentage,-10.3,Part Time
S92000003,2003,Ratio,Percentage,-0.3,Part Time
S92000003,2005,Ratio,Percentage,-4.7,Part Time
S92000003,2015,Ratio,Percentage,-8.8,Part Time
S92000003,2012,Ratio,Percentage,8.4,Full Time
S92000003,2014,Ratio,Percentage,-7.6,Part Time
S92000003,2002,Ratio,Percentage,-0.3,Part Time
S92000003,2008,Ratio,Percentage,-10.9,Part Time
S92000003,2008,Ratio,Percentage,10.8,Full Time
S92000003,2014,Ratio,Percentage,17.6,All Patterns
S92000003,2001,Ratio,Percentage,25,All Patterns
S92000003,2000,Ratio,Percentage,-5.4,Part Time
S92000003,2011,Ratio,Percentage,16.6,All Patterns
S92000003,2007,Ratio,Percentage,-2.2,Part Time
S92000003,2004,Ratio,Percentage,-4.7,Part Time
S92000003,2006,Ratio,Percentage,-1.8,Part Time
S92000003,1997,Ratio,Percentage,26.5,All Patterns
S92000003,2013,Ratio,Percentage,-12,Part Time
S92000003,2009,Ratio,Percentage,-7.2,Part Time
S92000003,2010,Ratio,Percentage,17.3,All Patterns
S92000003,2014,Ratio,Percentage,9.1,Full Time
S92000003,2017,Ratio,Percentage,16,All Patterns
S92000003,2012,Ratio,Percentage,-10.3,Part Time
S92000003,2001,Ratio,Percentage,2.9,Part Time
S92000003,2009,Ratio,Percentage,8.5,Full Time
S12000005,2007,Ratio,Percentage,24,Full Time
S12000005,2017,Ratio,Percentage,1.8,Part Time
S12000005,2019,Ratio,Percentage,17.4,Full Time
S12000005,2006,Ratio,Percentage,36.5,Full Time
S12000005,2016,Ratio,Percentage,30,Full Time
S12000005,2000,Ratio,Percentage,33.9,All Patterns
S12000005,2009,Ratio,Percentage,-11.8,Part Time
S12000005,2017,Ratio,Percentage,23.7,All Patterns
S12000005,2014,Ratio,Percentage,20.3,Full Time
S12000005,2005,Ratio,Percentage,27.7,All Patterns
S12000005,2012,Ratio,Percentage,38.2,All Patterns
S12000005,2015,Ratio,Percentage,26.8,All Patterns
S12000005,2016,Ratio,Percentage,34.2,All Patterns
S12000005,2017,Ratio,Percentage,16.3,Full Time
S12000005,2019,Ratio,Percentage,20.1,All Patterns
S12000005,2008,Ratio,Percentage,-0.1,Part Time
S12000005,2008,Ratio,Percentage,21,All Patterns
S12000005,2004,Ratio,Percentage,31.2,All Patterns
S12000005,1999,Ratio,Percentage,31.5,Full Time
S12000005,2019,Ratio,Percentage,16.4,Part Time
S12000005,2011,Ratio,Percentage,48.4,All Patterns
S12000005,2006,Ratio,Percentage,44.1,All Patterns
S12000005,2014,Ratio,Percentage,32.3,All Patterns
S12000005,2004,Ratio,Percentage,7.8,Full Time
S12000005,2010,Ratio,Percentage,33.1,Full Time
S12000005,2009,Ratio,Percentage,47.2,All Patterns
S12000005,2013,Ratio,Percentage,29.8,All Patterns
S12000005,2003,Ratio,Percentage,26.9,Full Time
S12000005,2007,Ratio,Percentage,40.3,All Patterns
S12000005,2010,Ratio,Percentage,47.3,All Patterns
S12000005,1998,Ratio,Percentage,38.4,Full Time
S12000005,2018,Ratio,Percentage,24.1,All Patterns
S12000005,2018,Ratio,Percentage,10.6,Part Time
S12000005,2018,Ratio,Percentage,20.4,Full Time
S12000005,2015,Ratio,Percentage,18.1,Full Time
S12000005,2013,Ratio,Percentage,17.9,Full Time
S12000006,2006,Ratio,Percentage,-3.7,Full Time
S12000006,2005,Ratio,Percentage,-3.9,Full Time
S12000006,2008,Ratio,Percentage,18,All Patterns
S12000006,2015,Ratio,Percentage,13.6,All Patterns
S12000006,2001,Ratio,Percentage,26.7,All Patterns
S12000006,2009,Ratio,Percentage,-9.3,Part Time
S12000006,2019,Ratio,Percentage,-5.4,Full Time
S12000006,2004,Ratio,Percentage,20.3,All Patterns
S12000006,2006,Ratio,Percentage,19.5,All Patterns
S12000006,1999,Ratio,Percentage,23.7,Full Time
S12000006,2004,Ratio,Percentage,7.8,Full Time
S12000006,2000,Ratio,Percentage,5.1,Part Time
S12000006,2010,Ratio,Percentage,24,All Patterns
S12000006,2018,Ratio,Percentage,6,All Patterns
S12000006,2002,Ratio,Percentage,12.5,Full Time
S12000006,2003,Ratio,Percentage,18.1,All Patterns
S12000006,1997,Ratio,Percentage,17.5,Full Time
S12000006,2012,Ratio,Percentage,10.1,Full Time
S12000006,2011,Ratio,Percentage,14.9,All Patterns
S12000006,2002,Ratio,Percentage,30.5,All Patterns
S12000006,2017,Ratio,Percentage,-14.5,Full Time
S12000006,2015,Ratio,Percentage,0.8,Part Time
S12000006,1999,Ratio,Percentage,30.2,All Patterns
S12000006,2014,Ratio,Percentage,-6.4,Full Time
S12000006,2000,Ratio,Percentage,20.5,Full Time
S12000006,2001,Ratio,Percentage,23.8,Part Time
S12000006,2017,Ratio,Percentage,6.2,All Patterns
S12000006,2013,Ratio,Percentage,-4.8,Full Time
S12000006,2016,Ratio,Percentage,-10.9,Full Time
S12000006,2011,Ratio,Percentage,-4.6,Full Time
S12000006,2003,Ratio,Percentage,2.5,Full Time
S12000006,2009,Ratio,Percentage,14,All Patterns
S12000006,2014,Ratio,Percentage,21.8,Part Time
S12000006,2002,Ratio,Percentage,15.7,Part Time
S12000006,2005,Ratio,Percentage,20.2,All Patterns
S12000006,2015,Ratio,Percentage,-9.3,Full Time
S12000006,2008,Ratio,Percentage,14.6,Full Time
S12000006,2018,Ratio,Percentage,-3.6,Part Time
S12000006,2017,Ratio,Percentage,2,Part Time
S12000006,2000,Ratio,Percentage,30.9,All Patterns
S12000006,2019,Ratio,Percentage,-5.1,Part Time
S12000006,2001,Ratio,Percentage,12.2,Full Time
S12000006,2009,Ratio,Percentage,2.8,Full Time
S12000006,2016,Ratio,Percentage,13.3,All Patterns
S12000006,2012,Ratio,Percentage,18.9,All Patterns
S12000006,2007,Ratio,Percentage,4,Full Time
S12000006,2003,Ratio,Percentage,24.6,Part Time
S12000006,1999,Ratio,Percentage,-5.5,Part Time
S12000006,1998,Ratio,Percentage,-11.5,Part Time
S12000006,1997,Ratio,Percentage,23.2,All Patterns
S12000006,2018,Ratio,Percentage,-10.3,Full Time
S12000006,2007,Ratio,Percentage,16.9,All Patterns
S12000006,1998,Ratio,Percentage,20.8,All Patterns
S12000006,2014,Ratio,Percentage,14.8,All Patterns
S12000006,2010,Ratio,Percentage,2.1,Full Time
S12000006,2013,Ratio,Percentage,17.5,All Patterns
S12000006,2019,Ratio,Percentage,4.2,All Patterns
S12000006,1998,Ratio,Percentage,10.8,Full Time
S12000008,2007,Ratio,Percentage,-24.3,Full Time
S12000008,2011,Ratio,Percentage,4.8,All Patterns
S12000008,2012,Ratio,Percentage,7.7,All Patterns
S12000008,2007,Ratio,Percentage,8.4,All Patterns
S12000008,2014,Ratio,Percentage,8.6,Part Time
S12000008,1998,Ratio,Percentage,19.4,Part Time
S12000008,2014,Ratio,Percentage,13.9,All Patterns
S12000008,2015,Ratio,Percentage,-3.3,Full Time
S12000008,2001,Ratio,Percentage,17.1,Part Time
S12000008,2000,Ratio,Percentage,6.1,Full Time
S12000008,1997,Ratio,Percentage,7.7,Full Time
S12000008,2005,Ratio,Percentage,18.2,All Patterns
S12000008,2012,Ratio,Percentage,-10.7,Full Time
S12000008,2002,Ratio,Percentage,24.7,Part Time
S12000008,2010,Ratio,Percentage,-19.6,Full Time
S12000008,2018,Ratio,Percentage,3.1,Part Time
S12000008,2006,Ratio,Percentage,11.2,All Patterns
S12000008,2003,Ratio,Percentage,19.1,All Patterns
S12000008,2001,Ratio,Percentage,30.4,All Patterns
S12000008,2002,Ratio,Percentage,25.6,All Patterns
S12000008,2004,Ratio,Percentage,9.8,Full Time
S12000008,2013,Ratio,Percentage,6.1,All Patterns
S12000008,2016,Ratio,Percentage,-20.3,Part Time
S12000008,2009,Ratio,Percentage,-26.5,Full Time
S12000008,2013,Ratio,Percentage,-20.4,Part Time
S12000008,2015,Ratio,Percentage,-5.1,Part Time
S12000008,2017,Ratio,Percentage,-5.3,Full Time
S12000008,2018,Ratio,Percentage,8.9,All Patterns
S12000008,2002,Ratio,Percentage,13.4,Full Time
S12000008,1997,Ratio,Percentage,22.8,All Patterns
S12000008,2003,Ratio,Percentage,12.1,Full Time
S12000008,2019,Ratio,Percentage,-15.3,Part Time
S12000008,2009,Ratio,Percentage,-0.2,All Patterns
S12000008,2010,Ratio,Percentage,11.2,All Patterns
S12000008,2011,Ratio,Percentage,-10.9,Full Time
S12000008,1999,Ratio,Percentage,-5.4,Full Time
S12000008,2019,Ratio,Percentage,-3.7,Full Time
S12000008,2017,Ratio,Percentage,15.8,All Patterns
S12000008,2006,Ratio,Percentage,-23.3,Full Time
S12000008,2008,Ratio,Percentage,0.7,All Patterns
S12000008,2004,Ratio,Percentage,22.6,All Patterns
S12000008,1998,Ratio,Percentage,11.8,Full Time
S12000008,2005,Ratio,Percentage,-14.5,Part Time
S12000008,2000,Ratio,Percentage,21.8,All Patterns
S12000008,2016,Ratio,Percentage,13.9,All Patterns
S12000008,2015,Ratio,Percentage,15.8,All Patterns
S12000008,2008,Ratio,Percentage,-29.3,Part Time
S12000008,2016,Ratio,Percentage,-4.7,Full Time
S12000008,2001,Ratio,Percentage,10.1,Full Time
S12000008,2006,Ratio,Percentage,2.6,Part Time
S12000008,2019,Ratio,Percentage,10.2,All Patterns
S12000008,2008,Ratio,Percentage,-21.2,Full Time
S12000008,1998,Ratio,Percentage,31.8,All Patterns
S12000008,2014,Ratio,Percentage,0.6,Full Time
S12000008,2018,Ratio,Percentage,-16.5,Full Time
S12000008,2013,Ratio,Percentage,-16.9,Full Time
S12000008,2005,Ratio,Percentage,-12.2,Full Time
S12000010,2004,Ratio,Percentage,-27,Full Time
S12000010,2002,Ratio,Percentage,-10.3,Full Time
S12000010,2016,Ratio,Percentage,-13.3,Part Time
S12000010,2011,Ratio,Percentage,3,Full Time
S12000010,2009,Ratio,Percentage,12.3,Full Time
S12000010,2018,Ratio,Percentage,-21.4,Part Time
S12000010,2010,Ratio,Percentage,9.8,Full Time
S12000010,1999,Ratio,Percentage,-16.8,Full Time
S12000010,2013,Ratio,Percentage,5.4,All Patterns
S12000010,2019,Ratio,Percentage,7,All Patterns
S12000010,2004,Ratio,Percentage,12.4,All Patterns
S12000010,2005,Ratio,Percentage,-5.3,Full Time
S12000010,2012,Ratio,Percentage,-10,Full Time
S12000010,2003,Ratio,Percentage,10.4,All Patterns
S12000010,2002,Ratio,Percentage,21.2,All Patterns
S12000010,1998,Ratio,Percentage,1.2,Full Time
S12000010,2013,Ratio,Percentage,-14.7,Full Time
S12000010,2008,Ratio,Percentage,29.4,All Patterns
S12000010,2019,Ratio,Percentage,0.6,Full Time
S12000010,2006,Ratio,Percentage,-0.3,Full Time
S12000010,2005,Ratio,Percentage,-11.4,Part Time
S12000010,2015,Ratio,Percentage,-3.2,Full Time
S12000010,2011,Ratio,Percentage,18.4,All Patterns
S12000010,2002,Ratio,Percentage,59.9,Part Time
S12000010,2018,Ratio,Percentage,1.5,Full Time
S12000010,2014,Ratio,Percentage,-3.2,Full Time
S12000010,2009,Ratio,Percentage,20.8,All Patterns
S12000010,2007,Ratio,Percentage,27.9,All Patterns
S12000010,2017,Ratio,Percentage,20.7,All Patterns
S12000010,2004,Ratio,Percentage,-4,Part Time
S12000010,2003,Ratio,Percentage,34.8,Part Time
S12000010,2006,Ratio,Percentage,13.8,All Patterns
S12000010,2016,Ratio,Percentage,5.2,All Patterns
S12000010,2005,Ratio,Percentage,9.7,All Patterns
S12000010,2007,Ratio,Percentage,-2,Full Time
S12000010,2016,Ratio,Percentage,-13.7,Full Time
S12000010,1999,Ratio,Percentage,20.6,Part Time
S12000010,2012,Ratio,Percentage,14.6,All Patterns
S12000010,2019,Ratio,Percentage,-23.9,Part Time
S12000010,2014,Ratio,Percentage,17.9,All Patterns
S12000010,2010,Ratio,Percentage,21.3,All Patterns
S12000010,2018,Ratio,Percentage,4.3,All Patterns
S12000010,2017,Ratio,Percentage,-3.2,Full Time
S12000010,2015,Ratio,Percentage,14.5,All Patterns
S12000010,2003,Ratio,Percentage,-25.6,Full Time
S12000011,2005,Ratio,Percentage,-13.9,Full Time
S12000011,2013,Ratio,Percentage,15,Part Time
S12000011,1999,Ratio,Percentage,1.6,Part Time
S12000011,2002,Ratio,Percentage,-10.9,Part Time
S12000011,2016,Ratio,Percentage,4.3,All Patterns
S12000011,2019,Ratio,Percentage,6,All Patterns
S12000011,2014,Ratio,Percentage,11.5,All Patterns
S12000011,2015,Ratio,Percentage,6,All Patterns
S12000011,2010,Ratio,Percentage,5.4,Part Time
S12000011,2017,Ratio,Percentage,3.2,All Patterns
S12000011,2012,Ratio,Percentage,9.5,All Patterns
S12000011,2005,Ratio,Percentage,-34.7,Part Time
S12000011,2016,Ratio,Percentage,-11.1,Part Time
S12000011,2009,Ratio,Percentage,-31.8,All Patterns
S12000011,2004,Ratio,Percentage,3.3,Full Time
S12000011,2005,Ratio,Percentage,1.1,All Patterns
S12000011,2018,Ratio,Percentage,-0.7,All Patterns
S12000011,2019,Ratio,Percentage,11.1,Part Time
S12000011,2006,Ratio,Percentage,-15.4,Full Time
S12000011,2018,Ratio,Percentage,0.2,Part Time
S12000011,2013,Ratio,Percentage,5.2,All Patterns
S12000011,2008,Ratio,Percentage,-50.3,All Patterns
S12000011,2009,Ratio,Percentage,-60.7,Full Time
S12000011,2002,Ratio,Percentage,27.7,All Patterns
S12000011,2018,Ratio,Percentage,-11.6,Full Time
S12000011,2019,Ratio,Percentage,-19.8,Full Time
S12000011,1997,Ratio,Percentage,6.6,All Patterns
S12000011,2015,Ratio,Percentage,-47.5,Full Time
S12000011,1999,Ratio,Percentage,4.6,All Patterns
S12000011,2017,Ratio,Percentage,-12.1,Full Time
S12000011,2007,Ratio,Percentage,-21.6,All Patterns
S12000013,2019,Ratio,Percentage,-0.8,Full Time
S12000013,2007,Ratio,Percentage,57.2,Part Time
S12000013,2015,Ratio,Percentage,23.9,All Patterns
S12000013,2016,Ratio,Percentage,12.5,All Patterns
S12000013,2018,Ratio,Percentage,-3.5,All Patterns
S12000013,2014,Ratio,Percentage,7.2,Full Time
S12000013,2015,Ratio,Percentage,19.3,Full Time
S12000013,2013,Ratio,Percentage,22.8,Full Time
S12000013,2017,Ratio,Percentage,5,All Patterns
S12000013,2019,Ratio,Percentage,26.7,Part Time
S12000013,2014,Ratio,Percentage,8,All Patterns
S12000013,2000,Ratio,Percentage,41.7,Part Time
S12000013,1999,Ratio,Percentage,39.1,Part Time
S12000013,2017,Ratio,Percentage,2.5,Full Time
S12000013,2019,Ratio,Percentage,16.5,All Patterns
S12000013,2016,Ratio,Percentage,11.6,Full Time
S12000013,2018,Ratio,Percentage,-2.7,Full Time
S12000014,2000,Ratio,Percentage,24.6,Full Time
S12000014,1999,Ratio,Percentage,27.3,Full Time
S12000014,2017,Ratio,Percentage,21.7,All Patterns
S12000014,2007,Ratio,Percentage,3.4,Full Time
S12000014,2014,Ratio,Percentage,24.8,All Patterns
S12000014,2012,Ratio,Percentage,17.4,All Patterns
S12000014,2010,Ratio,Percentage,20.9,All Patterns
S12000014,2000,Ratio,Percentage,30.5,All Patterns
S12000014,2006,Ratio,Percentage,25.7,All Patterns
S12000014,2019,Ratio,Percentage,12.9,All Patterns
S12000014,2007,Ratio,Percentage,18.4,All Patterns
S12000014,2013,Ratio,Percentage,20.1,All Patterns
S12000014,2009,Ratio,Percentage,15.3,Full Time
S12000014,1998,Ratio,Percentage,33.4,Part Time
S12000014,2017,Ratio,Percentage,9.9,Full Time
S12000014,2011,Ratio,Percentage,18.8,All Patterns
S12000014,2003,Ratio,Percentage,15.1,Full Time
S12000014,1997,Ratio,Percentage,37.1,All Patterns
S12000014,2002,Ratio,Percentage,25,Full Time
S12000014,2010,Ratio,Percentage,5.5,Full Time
S12000014,2015,Ratio,Percentage,15.1,Full Time
S12000014,1999,Ratio,Percentage,-18.5,Part Time
S12000014,2010,Ratio,Percentage,-6.4,Part Time
S12000014,2018,Ratio,Percentage,17.5,All Patterns
S12000014,2018,Ratio,Percentage,2.8,Full Time
S12000014,2019,Ratio,Percentage,-14.2,Part Time
S12000014,1997,Ratio,Percentage,-26.9,Part Time
S12000014,2013,Ratio,Percentage,-29.3,Part Time
S12000014,2008,Ratio,Percentage,15.6,All Patterns
S12000014,2001,Ratio,Percentage,22.8,All Patterns
S12000014,2004,Ratio,Percentage,20.1,All Patterns
S12000014,2009,Ratio,Percentage,22.6,All Patterns
S12000014,2014,Ratio,Percentage,23,Full Time
S12000014,1998,Ratio,Percentage,37.3,All Patterns
S12000014,2016,Ratio,Percentage,12.8,Full Time
S12000014,2009,Ratio,Percentage,-3.1,Part Time
S12000014,2012,Ratio,Percentage,-11.9,Part Time
S12000014,2005,Ratio,Percentage,16,Full Time
S12000014,2003,Ratio,Percentage,22.2,All Patterns
S12000014,2000,Ratio,Percentage,-14.8,Part Time
S12000014,2006,Ratio,Percentage,19.5,Full Time
S12000014,2015,Ratio,Percentage,23.1,All Patterns
S12000014,2011,Ratio,Percentage,2.3,Full Time
S12000014,2019,Ratio,Percentage,4.4,Full Time
S12000014,2005,Ratio,Percentage,25.2,All Patterns
S12000014,1998,Ratio,Percentage,30.3,Full Time
S12000014,2012,Ratio,Percentage,3.7,Full Time
S12000014,2004,Ratio,Percentage,10.4,Full Time
S12000014,2016,Ratio,Percentage,22.9,All Patterns
S12000014,2011,Ratio,Percentage,4.7,Part Time
S12000014,2002,Ratio,Percentage,2.8,Part Time
S12000014,1999,Ratio,Percentage,26.5,All Patterns
S12000014,2008,Ratio,Percentage,6.3,Full Time
S12000014,1997,Ratio,Percentage,34.2,Full Time
S12000014,2001,Ratio,Percentage,25.4,Full Time
S12000014,2002,Ratio,Percentage,28.6,All Patterns
S12000014,2013,Ratio,Percentage,12.9,Full Time
S12000017,2013,Ratio,Percentage,12.5,All Patterns
S12000017,2017,Ratio,Percentage,4.6,Full Time
S12000017,2010,Ratio,Percentage,22.8,All Patterns
S12000017,2006,Ratio,Percentage,19.4,All Patterns
S12000017,2003,Ratio,Percentage,22.6,All Patterns
S12000017,2005,Ratio,Percentage,5.5,Full Time
S12000017,2005,Ratio,Percentage,15,All Patterns
S12000017,2012,Ratio,Percentage,20.8,All Patterns
S12000017,2019,Ratio,Percentage,7.5,Full Time
S12000017,2017,Ratio,Percentage,10.8,All Patterns
S12000017,2000,Ratio,Percentage,14.4,Full Time
S12000017,2017,Ratio,Percentage,-1.1,Part Time
S12000017,2016,Ratio,Percentage,-12.9,Part Time
S12000017,2018,Ratio,Percentage,5.4,Full Time
S12000017,2009,Ratio,Percentage,20.2,All Patterns
S12000017,2008,Ratio,Percentage,17,All Patterns
S12000017,2006,Ratio,Percentage,9.2,Full Time
S12000017,2019,Ratio,Percentage,11.9,All Patterns
S12000017,2015,Ratio,Percentage,4,Full Time
S12000017,1998,Ratio,Percentage,23.1,Full Time
S12000017,2014,Ratio,Percentage,12.2,All Patterns
S12000017,1999,Ratio,Percentage,19.5,Full Time
S12000017,2007,Ratio,Percentage,16.9,Full Time
S12000017,2014,Ratio,Percentage,0.2,Part Time
S12000017,2015,Ratio,Percentage,10.2,All Patterns
S12000017,1997,Ratio,Percentage,21.4,All Patterns
S12000017,1997,Ratio,Percentage,18.1,Full Time
S12000017,2011,Ratio,Percentage,9.7,Full Time
S12000017,2018,Ratio,Percentage,12.1,All Patterns
S12000017,2004,Ratio,Percentage,5,Part Time
S12000017,2013,Ratio,Percentage,7.9,Full Time
S12000017,1999,Ratio,Percentage,26.9,All Patterns
S12000017,2004,Ratio,Percentage,10.5,Full Time
S12000017,2001,Ratio,Percentage,12.6,Full Time
S12000017,2002,Ratio,Percentage,22.8,All Patterns
S12000017,2016,Ratio,Percentage,2.2,Full Time
S12000017,2016,Ratio,Percentage,9.7,All Patterns
S12000017,2000,Ratio,Percentage,23.7,All Patterns
S12000017,2008,Ratio,Percentage,5.9,Full Time
S12000017,2014,Ratio,Percentage,3.1,Full Time
S12000017,2007,Ratio,Percentage,24.8,All Patterns
S12000017,2013,Ratio,Percentage,-13.2,Part Time
S12000017,2003,Ratio,Percentage,13.8,Full Time
S12000017,2001,Ratio,Percentage,24.8,All Patterns
S12000017,2018,Ratio,Percentage,5.1,Part Time
S12000017,2004,Ratio,Percentage,18.7,All Patterns
S12000017,1998,Ratio,Percentage,29.3,All Patterns
S12000017,2011,Ratio,Percentage,17.9,All Patterns
S12000017,2012,Ratio,Percentage,12.1,Full Time
S12000017,2010,Ratio,Percentage,16.2,Full Time
S12000017,2015,Ratio,Percentage,-15.2,Part Time
S12000017,2019,Ratio,Percentage,-25.9,Part Time
S12000017,2009,Ratio,Percentage,12.1,Full Time
S12000017,2002,Ratio,Percentage,7.2,Full Time
S12000018,2009,Ratio,Percentage,11.9,All Patterns
S12000018,1999,Ratio,Percentage,18.2,All Patterns
S12000018,2006,Ratio,Percentage,15.5,Full Time
S12000018,2000,Ratio,Percentage,19.5,Full Time
S12000018,1998,Ratio,Percentage,8.2,Full Time
S12000018,2011,Ratio,Percentage,0.1,Full Time
S12000018,2015,Ratio,Percentage,31.1,All Patterns
S12000018,2012,Ratio,Percentage,7.9,Full Time
S12000018,2003,Ratio,Percentage,18.8,All Patterns
S12000018,2014,Ratio,Percentage,17.7,Full Time
S12000018,2000,Ratio,Percentage,-10.7,Part Time
S12000018,2008,Ratio,Percentage,17.4,All Patterns
S12000018,2011,Ratio,Percentage,12.8,All Patterns
S12000018,2018,Ratio,Percentage,-8.5,Part Time
S12000018,2010,Ratio,Percentage,-1.4,Full Time
S12000018,1997,Ratio,Percentage,18.6,All Patterns
S12000018,2018,Ratio,Percentage,18.6,Full Time
S12000018,2007,Ratio,Percentage,25.1,All Patterns
S12000018,2013,Ratio,Percentage,27.2,All Patterns
S12000018,2006,Ratio,Percentage,23.2,All Patterns
S12000018,2009,Ratio,Percentage,-0.7,Full Time
S12000018,1998,Ratio,Percentage,19.1,All Patterns
S12000018,2008,Ratio,Percentage,15.2,Full Time
S12000018,2005,Ratio,Percentage,-2.4,Full Time
S12000018,2016,Ratio,Percentage,-12.9,Part Time
S12000018,2019,Ratio,Percentage,-0.2,Full Time
S12000018,2013,Ratio,Percentage,15.6,Full Time
S12000018,2012,Ratio,Percentage,13.5,All Patterns
S12000018,2000,Ratio,Percentage,24.3,All Patterns
S12000018,2007,Ratio,Percentage,22.8,Full Time
S12000018,1999,Ratio,Percentage,-4.6,Part Time
S12000018,2014,Ratio,Percentage,30.2,All Patterns
S12000018,1999,Ratio,Percentage,10,Full Time
S12000018,2004,Ratio,Percentage,16.2,All Patterns
S12000018,2018,Ratio,Percentage,21.5,All Patterns
S12000018,2002,Ratio,Percentage,29.7,All Patterns
S12000018,2001,Ratio,Percentage,15.5,Full Time
S12000018,2016,Ratio,Percentage,2.6,Full Time
S12000018,2005,Ratio,Percentage,7.3,All Patterns
S12000018,2015,Ratio,Percentage,4,Full Time
S12000018,2004,Ratio,Percentage,11.5,Full Time
S12000018,2003,Ratio,Percentage,9.1,Full Time
S12000018,2017,Ratio,Percentage,26.3,All Patterns
S12000018,2001,Ratio,Percentage,21.2,All Patterns
S12000018,1997,Ratio,Percentage,10.8,Full Time
S12000018,2002,Ratio,Percentage,13,Full Time
S12000018,2010,Ratio,Percentage,14.1,All Patterns
S12000019,1998,Ratio,Percentage,20.5,All Patterns
S12000019,2011,Ratio,Percentage,27.7,All Patterns
S12000019,2017,Ratio,Percentage,18,Full Time
S12000019,2013,Ratio,Percentage,25.2,All Patterns
S12000019,2007,Ratio,Percentage,14.1,All Patterns
S12000019,2006,Ratio,Percentage,13.2,All Patterns
S12000019,2012,Ratio,Percentage,26,All Patterns
S12000019,1999,Ratio,Percentage,-3.3,Part Time
S12000019,2004,Ratio,Percentage,19.1,All Patterns
S12000019,2005,Ratio,Percentage,-4.8,Full Time
S12000019,2009,Ratio,Percentage,20.2,All Patterns
S12000019,2017,Ratio,Percentage,18.5,All Patterns
S12000019,2005,Ratio,Percentage,13.3,All Patterns
S12000019,2019,Ratio,Percentage,17.9,All Patterns
S12000019,2008,Ratio,Percentage,24.2,All Patterns
S12000019,2018,Ratio,Percentage,22.2,Full Time
S12000019,2017,Ratio,Percentage,-20.5,Part Time
S12000019,1999,Ratio,Percentage,13.3,All Patterns
S12000019,2009,Ratio,Percentage,6.1,Part Time
S12000019,2014,Ratio,Percentage,8.9,Full Time
S12000019,2006,Ratio,Percentage,-13.4,Part Time
S12000019,2016,Ratio,Percentage,20.5,All Patterns
S12000019,1997,Ratio,Percentage,-1,Full Time
S12000019,2012,Ratio,Percentage,16.2,Full Time
S12000019,2010,Ratio,Percentage,26.1,All Patterns
S12000019,2011,Ratio,Percentage,12.8,Full Time
S12000019,2015,Ratio,Percentage,19.7,All Patterns
S12000019,2010,Ratio,Percentage,10,Full Time
S12000019,2019,Ratio,Percentage,-7.9,Part Time
S12000019,2018,Ratio,Percentage,15.2,All Patterns
S12000019,2018,Ratio,Percentage,-7.9,Part Time
S12000019,2009,Ratio,Percentage,13.1,Full Time
S12000019,2013,Ratio,Percentage,14.8,Full Time
S12000019,2008,Ratio,Percentage,11.8,Full Time
S12000019,2016,Ratio,Percentage,8.7,Full Time
S12000019,2014,Ratio,Percentage,19.3,All Patterns
S12000019,2000,Ratio,Percentage,24.7,All Patterns
S12000019,2019,Ratio,Percentage,16.6,Full Time
S12000019,2015,Ratio,Percentage,8,Full Time
S12000020,2016,Ratio,Percentage,20.7,All Patterns
S12000020,2014,Ratio,Percentage,10.8,All Patterns
S12000020,2014,Ratio,Percentage,8.8,Full Time
S12000020,2018,Ratio,Percentage,26.1,All Patterns
S12000020,2012,Ratio,Percentage,21.8,Full Time
S12000020,2010,Ratio,Percentage,8.9,Full Time
S12000020,2014,Ratio,Percentage,-13.1,Part Time
S12000020,2003,Ratio,Percentage,19,All Patterns
S12000020,2019,Ratio,Percentage,10.7,Full Time
S12000020,2017,Ratio,Percentage,20.1,All Patterns
S12000020,2001,Ratio,Percentage,22.8,All Patterns
S12000020,2015,Ratio,Percentage,23.1,All Patterns
S12000020,2008,Ratio,Percentage,20.9,Full Time
S12000020,2019,Ratio,Percentage,8.5,Part Time
S12000020,2008,Ratio,Percentage,19.4,All Patterns
S12000020,2006,Ratio,Percentage,18.5,All Patterns
S12000020,2015,Ratio,Percentage,13.5,Full Time
S12000020,2005,Ratio,Percentage,26.9,All Patterns
S12000020,2000,Ratio,Percentage,27.9,All Patterns
S12000020,2009,Ratio,Percentage,21,Full Time
S12000020,2017,Ratio,Percentage,-1.5,Full Time
S12000020,1998,Ratio,Percentage,31.2,All Patterns
S12000020,2003,Ratio,Percentage,13.5,Full Time
S12000020,2002,Ratio,Percentage,21.5,Full Time
S12000020,2002,Ratio,Percentage,26.7,All Patterns
S12000020,2004,Ratio,Percentage,26.6,All Patterns
S12000020,2000,Ratio,Percentage,25.7,Part Time
S12000020,2018,Ratio,Percentage,4.8,Full Time
S12000020,2005,Ratio,Percentage,23.3,Full Time
S12000020,2011,Ratio,Percentage,-27.7,Part Time
S12000020,2009,Ratio,Percentage,23.4,All Patterns
S12000020,2019,Ratio,Percentage,21.9,All Patterns
S12000020,2015,Ratio,Percentage,4.8,Part Time
S12000020,2001,Ratio,Percentage,17.8,Full Time
S12000020,2000,Ratio,Percentage,15.3,Full Time
S12000020,2011,Ratio,Percentage,17.9,All Patterns
S12000020,2013,Ratio,Percentage,17,All Patterns
S12000020,1999,Ratio,Percentage,13.3,Full Time
S12000020,2007,Ratio,Percentage,25.4,Full Time
S12000020,2010,Ratio,Percentage,18.6,All Patterns
S12000020,2002,Ratio,Percentage,10.2,Part Time
S12000020,2004,Ratio,Percentage,20.8,Full Time
S12000020,2007,Ratio,Percentage,25.3,All Patterns
S12000020,2012,Ratio,Percentage,26.8,All Patterns
S12000020,1998,Ratio,Percentage,23.5,Full Time
S12000020,1997,Ratio,Percentage,18.7,All Patterns
S12000020,2011,Ratio,Percentage,16.8,Full Time
S12000020,2013,Ratio,Percentage,-22.3,Part Time
S12000020,1997,Ratio,Percentage,12.3,Full Time
S12000020,2016,Ratio,Percentage,12.2,Full Time
S12000020,2016,Ratio,Percentage,-4.2,Part Time
S12000020,1999,Ratio,Percentage,19.4,All Patterns
S12000020,2013,Ratio,Percentage,18.2,Full Time
S12000020,2006,Ratio,Percentage,14,Full Time
S12000021,2017,Ratio,Percentage,3.8,Full Time
S12000021,2009,Ratio,Percentage,23.8,Full Time
S12000021,2008,Ratio,Percentage,1.4,Full Time
S12000021,2006,Ratio,Percentage,20.1,All Patterns
S12000021,2004,Ratio,Percentage,20.4,Full Time
S12000021,2007,Ratio,Percentage,17.1,Part Time
S12000021,2012,Ratio,Percentage,16.4,All Patterns
S12000021,2010,Ratio,Percentage,21.8,All Patterns
S12000021,2011,Ratio,Percentage,-3.8,Part Time
S12000021,1999,Ratio,Percentage,23.5,Full Time
S12000021,2011,Ratio,Percentage,22,All Patterns
S12000021,2008,Ratio,Percentage,7,All Patterns
S12000021,2003,Ratio,Percentage,12.9,Full Time
S12000021,2017,Ratio,Percentage,23.9,All Patterns
S12000021,1997,Ratio,Percentage,27.4,Full Time
S12000021,2019,Ratio,Percentage,8.1,All Patterns
S12000021,2008,Ratio,Percentage,-25.7,Part Time
S12000021,2013,Ratio,Percentage,24.1,All Patterns
S12000021,2018,Ratio,Percentage,-20.5,Part Time
S12000021,2019,Ratio,Percentage,-17.3,Part Time
S12000021,2012,Ratio,Percentage,12.7,Full Time
S12000021,1997,Ratio,Percentage,44.4,All Patterns
S12000021,1998,Ratio,Percentage,23.2,Full Time
S12000021,2000,Ratio,Percentage,16.7,Full Time
S12000021,2018,Ratio,Percentage,17,All Patterns
S12000021,2003,Ratio,Percentage,35.4,All Patterns
S12000021,2018,Ratio,Percentage,8.1,Full Time
S12000021,2007,Ratio,Percentage,25.7,All Patterns
S12000021,2014,Ratio,Percentage,23.1,All Patterns
S12000021,2016,Ratio,Percentage,14.1,All Patterns
S12000021,2015,Ratio,Percentage,12,Full Time
S12000021,2005,Ratio,Percentage,19.3,Full Time
S12000021,2013,Ratio,Percentage,12.2,Full Time
S12000021,2007,Ratio,Percentage,20.2,Full Time
S12000021,2016,Ratio,Percentage,8.5,Full Time
S12000021,2002,Ratio,Percentage,35.1,All Patterns
S12000021,2011,Ratio,Percentage,12.8,Full Time
S12000021,2014,Ratio,Percentage,16.4,Full Time
S12000021,2017,Ratio,Percentage,-2.9,Part Time
S12000021,2006,Ratio,Percentage,10.7,Full Time
S12000021,2005,Ratio,Percentage,28.9,All Patterns
S12000021,2002,Ratio,Percentage,16.3,Full Time
S12000021,2009,Ratio,Percentage,22.8,All Patterns
S12000021,2019,Ratio,Percentage,-1.5,Full Time
S12000021,1999,Ratio,Percentage,36.2,All Patterns
S12000021,2015,Ratio,Percentage,23.8,All Patterns
S12000021,2010,Ratio,Percentage,-5.9,Part Time
S12000021,2010,Ratio,Percentage,9.3,Full Time
S12000021,2004,Ratio,Percentage,31,All Patterns
S12000021,2001,Ratio,Percentage,27.1,Full Time
S12000023,2019,Ratio,Percentage,22.9,Full Time
S12000023,2014,Ratio,Percentage,7.4,All Patterns
S12000023,2003,Ratio,Percentage,-1.9,Part Time
S12000023,2017,Ratio,Percentage,5.1,All Patterns
S12000023,2015,Ratio,Percentage,16.9,Part Time
S12000023,2013,Ratio,Percentage,-13.5,Part Time
S12000023,2019,Ratio,Percentage,20.2,All Patterns
S12000023,2016,Ratio,Percentage,-5,Part Time
S12000023,2017,Ratio,Percentage,-6.3,Part Time
S12000023,2012,Ratio,Percentage,-3.9,Part Time
S12000026,2004,Ratio,Percentage,18,Full Time
S12000026,2015,Ratio,Percentage,9.9,All Patterns
S12000026,2000,Ratio,Percentage,8,Full Time
S12000026,2013,Ratio,Percentage,-4.3,Full Time
S12000026,2007,Ratio,Percentage,16.1,Full Time
S12000026,2016,Ratio,Percentage,-21.9,Part Time
S12000026,2008,Ratio,Percentage,-36,Part Time
S12000026,2011,Ratio,Percentage,11.2,Full Time
S12000026,2007,Ratio,Percentage,20.6,All Patterns
S12000026,2014,Ratio,Percentage,-36.9,Part Time
S12000026,2004,Ratio,Percentage,23,All Patterns
S12000026,2010,Ratio,Percentage,0.2,Full Time
S12000026,2001,Ratio,Percentage,20.1,All Patterns
S12000026,2003,Ratio,Percentage,13.4,Part Time
S12000026,2008,Ratio,Percentage,12.1,All Patterns
S12000026,1997,Ratio,Percentage,27.5,All Patterns
S12000026,2002,Ratio,Percentage,14.1,Full Time
S12000026,2015,Ratio,Percentage,-0.6,Full Time
S12000026,2002,Ratio,Percentage,-14.2,Part Time
S12000026,2010,Ratio,Percentage,10,All Patterns
S12000026,2014,Ratio,Percentage,-6.2,Full Time
S12000026,2000,Ratio,Percentage,-31.6,Part Time
S12000026,2005,Ratio,Percentage,8.6,Full Time
S12000026,2011,Ratio,Percentage,-14.5,Part Time
S12000026,2017,Ratio,Percentage,21.3,All Patterns
S12000026,2001,Ratio,Percentage,21.3,Full Time
S12000026,2010,Ratio,Percentage,-31.9,Part Time
S12000026,1999,Ratio,Percentage,7.6,Full Time
S12000026,2002,Ratio,Percentage,18.6,All Patterns
S12000026,2017,Ratio,Percentage,9.2,Full Time
S12000026,2014,Ratio,Percentage,4.3,All Patterns
S12000026,2008,Ratio,Percentage,11,Full Time
S12000026,2011,Ratio,Percentage,11.2,All Patterns
S12000026,2001,Ratio,Percentage,-30.6,Part Time
S12000026,2018,Ratio,Percentage,1.9,Full Time
S12000026,2005,Ratio,Percentage,11,All Patterns
S12000026,2009,Ratio,Percentage,4.8,Full Time
S12000026,2016,Ratio,Percentage,11.2,All Patterns
S12000026,2005,Ratio,Percentage,-10.1,Part Time
S12000026,2018,Ratio,Percentage,10.3,All Patterns
S12000026,2006,Ratio,Percentage,11.6,All Patterns
S12000026,2000,Ratio,Percentage,12.9,All Patterns
S12000026,2006,Ratio,Percentage,4.3,Full Time
S12000026,2016,Ratio,Percentage,1.5,Full Time
S12000026,2013,Ratio,Percentage,-27,Part Time
S12000026,2013,Ratio,Percentage,6.3,All Patterns
S12000026,2003,Ratio,Percentage,10.5,Full Time
S12000026,2003,Ratio,Percentage,16.6,All Patterns
S12000026,2009,Ratio,Percentage,3.8,All Patterns
S12000026,2019,Ratio,Percentage,5.4,All Patterns
S12000026,1998,Ratio,Percentage,23,All Patterns
S12000026,1997,Ratio,Percentage,64.1,Part Time
S12000026,1997,Ratio,Percentage,24.3,Full Time
S12000026,2019,Ratio,Percentage,3.3,Full Time
S12000026,1998,Ratio,Percentage,-11.4,Part Time
S12000026,2012,Ratio,Percentage,-1.2,Full Time
S12000026,2012,Ratio,Percentage,1.4,All Patterns
S12000026,1998,Ratio,Percentage,20.5,Full Time
S12000027,2016,Ratio,Percentage,-7.9,Part Time
S12000027,1997,Ratio,Percentage,14.5,Full Time
S12000027,2003,Ratio,Percentage,6.5,Full Time
S12000027,2018,Ratio,Percentage,14.7,All Patterns
S12000027,2019,Ratio,Percentage,2.2,Full Time
S12000027,2013,Ratio,Percentage,14.3,All Patterns
S12000027,2015,Ratio,Percentage,11.3,All Patterns
S12000027,2014,Ratio,Percentage,7.1,All Patterns
S12000027,2012,Ratio,Percentage,20.7,All Patterns
S12000027,2011,Ratio,Percentage,17.9,All Patterns
S12000027,2013,Ratio,Percentage,16.2,Part Time
S12000027,2017,Ratio,Percentage,13.3,All Patterns
S12000027,2010,Ratio,Percentage,15.3,All Patterns
S12000027,2005,Ratio,Percentage,14.3,All Patterns
S12000027,2000,Ratio,Percentage,-24.5,Full Time
S12000027,1997,Ratio,Percentage,27.6,All Patterns
S12000027,2016,Ratio,Percentage,20.7,All Patterns
S12000027,2009,Ratio,Percentage,5.8,All Patterns
S12000027,2005,Ratio,Percentage,41.6,Part Time
S12000027,2019,Ratio,Percentage,1.1,All Patterns
S12000027,2010,Ratio,Percentage,5.4,Full Time
S12000027,2001,Ratio,Percentage,-6.2,Full Time
S12000027,2004,Ratio,Percentage,25.3,All Patterns
S12000027,2006,Ratio,Percentage,18.7,All Patterns
S12000028,2000,Ratio,Percentage,30.8,All Patterns
S12000028,2002,Ratio,Percentage,22.5,All Patterns
S12000028,2004,Ratio,Percentage,9.1,Full Time
S12000028,2008,Ratio,Percentage,6.7,Full Time
S12000028,1997,Ratio,Percentage,28.5,Full Time
S12000028,2016,Ratio,Percentage,22.3,All Patterns
S12000028,2003,Ratio,Percentage,-12.3,Part Time
S12000028,2010,Ratio,Percentage,30.9,All Patterns
S12000028,2013,Ratio,Percentage,13.2,Full Time
S12000028,2005,Ratio,Percentage,13.3,All Patterns
S12000028,2016,Ratio,Percentage,-0.7,Full Time
S12000028,1999,Ratio,Percentage,18.6,Full Time
S12000028,2018,Ratio,Percentage,28.7,All Patterns
S12000028,2019,Ratio,Percentage,13.3,Full Time
S12000028,2000,Ratio,Percentage,13,Part Time
S12000028,2006,Ratio,Percentage,22.5,All Patterns
S12000028,2019,Ratio,Percentage,25.4,All Patterns
S12000028,2015,Ratio,Percentage,26.2,All Patterns
S12000028,2013,Ratio,Percentage,29.7,All Patterns
S12000028,2018,Ratio,Percentage,-20.5,Part Time
S12000028,2012,Ratio,Percentage,11.4,Full Time
S12000028,1998,Ratio,Percentage,-18.9,Part Time
S12000028,2003,Ratio,Percentage,17,Full Time
S12000028,2014,Ratio,Percentage,10.4,Full Time
S12000028,2018,Ratio,Percentage,13,Full Time
S12000028,2007,Ratio,Percentage,21.3,All Patterns
S12000028,2005,Ratio,Percentage,-1.2,Full Time
S12000028,2003,Ratio,Percentage,28.5,All Patterns
S12000028,2011,Ratio,Percentage,4.1,Full Time
S12000028,2009,Ratio,Percentage,22.4,All Patterns
S12000028,2014,Ratio,Percentage,-1.4,Part Time
S12000028,1998,Ratio,Percentage,29.1,All Patterns
S12000028,2001,Ratio,Percentage,21.8,Full Time
S12000028,2011,Ratio,Percentage,24.7,All Patterns
S12000028,1998,Ratio,Percentage,17.2,Full Time
S12000028,1997,Ratio,Percentage,35.4,All Patterns
S12000028,2017,Ratio,Percentage,5.5,Full Time
S12000028,2007,Ratio,Percentage,3,Full Time
S12000028,2010,Ratio,Percentage,6.4,Full Time
S12000028,2002,Ratio,Percentage,10.7,Full Time
S12000028,2015,Ratio,Percentage,12.6,Full Time
S12000028,2004,Ratio,Percentage,-24.8,Part Time
S12000028,2000,Ratio,Percentage,23.1,Full Time
S12000028,2017,Ratio,Percentage,23,All Patterns
S12000028,2012,Ratio,Percentage,-0.5,Part Time
S12000028,2014,Ratio,Percentage,24.6,All Patterns
S12000028,2001,Ratio,Percentage,32.6,All Patterns
S12000028,2012,Ratio,Percentage,23.3,All Patterns
S12000028,2019,Ratio,Percentage,-14.6,Part Time
S12000028,2009,Ratio,Percentage,3.3,Full Time
S12000028,2004,Ratio,Percentage,22,All Patterns
S12000028,2008,Ratio,Percentage,25,All Patterns
S12000028,2006,Ratio,Percentage,4.6,Full Time
S12000028,2015,Ratio,Percentage,3.9,Part Time
S12000029,2001,Ratio,Percentage,28.2,All Patterns
S12000029,2013,Ratio,Percentage,-16.1,Part Time
S12000029,1997,Ratio,Percentage,24.8,Full Time
S12000029,2009,Ratio,Percentage,2.6,Part Time
S12000029,2014,Ratio,Percentage,-10.1,Part Time
S12000029,2012,Ratio,Percentage,21.1,All Patterns
S12000029,2015,Ratio,Percentage,19,All Patterns
S12000029,2000,Ratio,Percentage,32.2,All Patterns
S12000029,2006,Ratio,Percentage,12.6,Full Time
S12000029,2013,Ratio,Percentage,12,Full Time
S12000029,2011,Ratio,Percentage,13,Full Time
S12000029,2005,Ratio,Percentage,-9.4,Part Time
S12000029,1999,Ratio,Percentage,23.7,Full Time
S12000029,2006,Ratio,Percentage,25.1,All Patterns
S12000029,2003,Ratio,Percentage,14.9,Full Time
S12000029,2019,Ratio,Percentage,14.4,Full Time
S12000029,2018,Ratio,Percentage,23.8,All Patterns
S12000029,1998,Ratio,Percentage,29.2,All Patterns
S12000029,2017,Ratio,Percentage,-9.5,Part Time
S12000029,2019,Ratio,Percentage,-13.4,Part Time
S12000029,2009,Ratio,Percentage,10.7,Full Time
S12000029,2004,Ratio,Percentage,23.8,All Patterns
S12000029,2010,Ratio,Percentage,21.2,All Patterns
S12000029,2007,Ratio,Percentage,19.8,All Patterns
S12000029,2012,Ratio,Percentage,16.1,Full Time
S12000029,2018,Ratio,Percentage,-7,Part Time
S12000029,2005,Ratio,Percentage,10.8,Full Time
S12000029,2001,Ratio,Percentage,18.1,Full Time
S12000029,2016,Ratio,Percentage,-12.2,Part Time
S12000029,2005,Ratio,Percentage,22.8,All Patterns
S12000029,2008,Ratio,Percentage,17.6,All Patterns
S12000029,1998,Ratio,Percentage,23,Full Time
S12000029,2003,Ratio,Percentage,22.1,All Patterns
S12000029,2018,Ratio,Percentage,15.6,Full Time
S12000029,2014,Ratio,Percentage,16.3,Full Time
S12000029,2000,Ratio,Percentage,25.7,Full Time
S12000029,2015,Ratio,Percentage,-11.4,Part Time
S12000029,2011,Ratio,Percentage,22.2,All Patterns
S12000029,2019,Ratio,Percentage,23.7,All Patterns
S12000029,2009,Ratio,Percentage,20,All Patterns
S12000029,2011,Ratio,Percentage,4.2,Part Time
S12000029,2003,Ratio,Percentage,5.7,Part Time
S12000029,2016,Ratio,Percentage,9.6,Full Time
S12000029,2002,Ratio,Percentage,30.4,All Patterns
S12000029,2014,Ratio,Percentage,24.6,All Patterns
S12000029,2004,Ratio,Percentage,-11,Part Time
S12000029,2008,Ratio,Percentage,9.6,Full Time
S12000029,1999,Ratio,Percentage,28.2,All Patterns
S12000029,2016,Ratio,Percentage,26.4,All Patterns
S12000029,2006,Ratio,Percentage,12.1,Part Time
S12000029,2007,Ratio,Percentage,-17.3,Part Time
S12000029,2017,Ratio,Percentage,24.6,All Patterns
S12000029,2004,Ratio,Percentage,13.9,Full Time
S12000029,2013,Ratio,Percentage,20.4,All Patterns
S12000029,2007,Ratio,Percentage,18.5,Full Time
S12000029,2012,Ratio,Percentage,0.6,Part Time
S12000029,2010,Ratio,Percentage,9.8,Full Time
S12000029,2002,Ratio,Percentage,21.7,Full Time
S12000029,2017,Ratio,Percentage,13.4,Full Time
S12000029,2015,Ratio,Percentage,7.9,Full Time
S12000029,1997,Ratio,Percentage,29.5,All Patterns
S12000029,2010,Ratio,Percentage,-4.3,Part Time
S12000030,2004,Ratio,Percentage,-18,Full Time
S12000030,2003,Ratio,Percentage,13.2,Full Time
S12000030,2001,Ratio,Percentage,31.9,Full Time
S12000030,2012,Ratio,Percentage,16.2,Full Time
S12000030,2011,Ratio,Percentage,8.7,Full Time
S12000030,2005,Ratio,Percentage,23.1,All Patterns
S12000030,2009,Ratio,Percentage,21.9,All Patterns
S12000030,2012,Ratio,Percentage,-32.3,Part Time
S12000030,1999,Ratio,Percentage,17.9,All Patterns
S12000030,2007,Ratio,Percentage,3.4,Full Time
S12000030,1997,Ratio,Percentage,23.1,All Patterns
S12000030,2013,Ratio,Percentage,12.5,All Patterns
S12000030,1998,Ratio,Percentage,16,Full Time
S12000030,2018,Ratio,Percentage,17.6,Full Time
S12000030,2011,Ratio,Percentage,25.7,All Patterns
S12000030,2003,Ratio,Percentage,-31,Part Time
S12000030,2014,Ratio,Percentage,26.2,All Patterns
S12000030,2008,Ratio,Percentage,-7.6,Full Time
S12000030,2014,Ratio,Percentage,13.3,Full Time
S12000030,2010,Ratio,Percentage,-48,Part Time
S12000030,2017,Ratio,Percentage,16.5,Full Time
S12000030,1999,Ratio,Percentage,9.6,Full Time
S12000030,2009,Ratio,Percentage,10,Full Time
S12000030,2008,Ratio,Percentage,16.2,All Patterns
S12000030,2007,Ratio,Percentage,17.9,All Patterns
S12000030,2019,Ratio,Percentage,16.9,Full Time
S12000030,2004,Ratio,Percentage,13.5,All Patterns
S12000030,2018,Ratio,Percentage,33,All Patterns
S12000030,1998,Ratio,Percentage,20.7,All Patterns
S12000030,2010,Ratio,Percentage,18.9,Full Time
S12000030,2002,Ratio,Percentage,24.3,Full Time
S12000030,2006,Ratio,Percentage,21.8,All Patterns
S12000030,2012,Ratio,Percentage,22.4,All Patterns
S12000030,2005,Ratio,Percentage,-20.1,Part Time
S12000030,2001,Ratio,Percentage,-29.5,Part Time
S12000030,2015,Ratio,Percentage,14,Full Time
S12000030,2000,Ratio,Percentage,26,All Patterns
S12000030,1997,Ratio,Percentage,14.4,Full Time
S12000030,2015,Ratio,Percentage,26,All Patterns
S12000030,2003,Ratio,Percentage,17.2,All Patterns
S12000030,2000,Ratio,Percentage,26.1,Full Time
S12000030,2010,Ratio,Percentage,15.2,All Patterns
S12000030,2013,Ratio,Percentage,-2.9,Full Time
S12000030,2005,Ratio,Percentage,5.1,Full Time
S12000030,2019,Ratio,Percentage,36.5,All Patterns
S12000030,2002,Ratio,Percentage,31.2,All Patterns
S12000030,2001,Ratio,Percentage,30.1,All Patterns
S12000030,2017,Ratio,Percentage,30,All Patterns
S12000030,2006,Ratio,Percentage,-12.9,Part Time
S12000030,2016,Ratio,Percentage,38.5,All Patterns
S12000030,2016,Ratio,Percentage,28,Full Time
S12000030,2006,Ratio,Percentage,14.1,Full Time
S12000033,2010,Ratio,Percentage,27.1,All Patterns
S12000033,2012,Ratio,Percentage,22.4,All Patterns
S12000033,2009,Ratio,Percentage,23.7,All Patterns
S12000033,2005,Ratio,Percentage,24.8,All Patterns
S12000033,1998,Ratio,Percentage,32.9,All Patterns
S12000033,2016,Ratio,Percentage,16.8,All Patterns
S12000033,2003,Ratio,Percentage,22.6,All Patterns
S12000033,2001,Ratio,Percentage,28.8,All Patterns
S12000033,2018,Ratio,Percentage,18.3,All Patterns
S12000033,2014,Ratio,Percentage,18.1,All Patterns
S12000033,2011,Ratio,Percentage,22.3,All Patterns
S12000033,2000,Ratio,Percentage,30,All Patterns
S12000033,2017,Ratio,Percentage,17.5,All Patterns
S12000033,1999,Ratio,Percentage,27.9,All Patterns
S12000033,2013,Ratio,Percentage,20,All Patterns
S12000033,2004,Ratio,Percentage,21.8,All Patterns
S12000033,2015,Ratio,Percentage,21.4,All Patterns
S12000033,2019,Ratio,Percentage,17.9,All Patterns
S12000033,2003,Ratio,Percentage,-10.1,Part Time
S12000033,2002,Ratio,Percentage,29.8,All Patterns
S12000033,1997,Ratio,Percentage,34.3,All Patterns
S12000033,2012,Ratio,Percentage,-25,Part Time
S12000033,2000,Ratio,Percentage,23.3,Full Time
S12000033,1998,Ratio,Percentage,28.5,Full Time
S12000033,2005,Ratio,Percentage,16.4,Full Time
S12000033,2015,Ratio,Percentage,-1.9,Part Time
S12000033,2017,Ratio,Percentage,-13.3,Part Time
S12000033,2007,Ratio,Percentage,24.6,All Patterns
S12000033,2007,Ratio,Percentage,15.3,Full Time
S12000033,1999,Ratio,Percentage,25.2,Full Time
S12000033,2014,Ratio,Percentage,-26,Part Time
S12000033,2003,Ratio,Percentage,13.8,Full Time
S12000033,2000,Ratio,Percentage,11.9,Part Time
S12000033,2002,Ratio,Percentage,23.9,Full Time
S12000033,2001,Ratio,Percentage,23.5,Full Time
S12000033,2009,Ratio,Percentage,15.7,Full Time
S12000033,2006,Ratio,Percentage,12.2,Full Time
S12000033,2008,Ratio,Percentage,-19.2,Part Time
S12000033,2010,Ratio,Percentage,-15.8,Part Time
S12000033,2019,Ratio,Percentage,-19.6,Part Time
S12000033,2014,Ratio,Percentage,13.2,Full Time
S12000033,2004,Ratio,Percentage,-21.6,Part Time
S12000033,2011,Ratio,Percentage,13,Full Time
S12000033,2011,Ratio,Percentage,-25,Part Time
S12000033,2005,Ratio,Percentage,4.1,Part Time
S12000033,1998,Ratio,Percentage,-14.1,Part Time
S12000033,2013,Ratio,Percentage,8.4,Full Time
S12000033,2009,Ratio,Percentage,-25.1,Part Time
S12000033,2007,Ratio,Percentage,13.4,Part Time
S12000033,2006,Ratio,Percentage,-8.8,Part Time
S12000033,2018,Ratio,Percentage,-20,Part Time
S12000033,2004,Ratio,Percentage,14.3,Full Time
S12000033,2016,Ratio,Percentage,9.3,Full Time
S12000033,2016,Ratio,Percentage,-9.8,Part Time
S12000033,2019,Ratio,Percentage,12.8,Full Time
S12000033,1997,Ratio,Percentage,28,Full Time
S12000033,2010,Ratio,Percentage,20.3,Full Time
S12000033,2008,Ratio,Percentage,27.2,All Patterns
S12000033,2018,Ratio,Percentage,12.7,Full Time
S12000033,2015,Ratio,Percentage,14.8,Full Time
S12000033,2017,Ratio,Percentage,5.8,Full Time
S12000033,2012,Ratio,Percentage,13.6,Full Time
S12000033,2006,Ratio,Percentage,26.7,All Patterns
S12000033,2008,Ratio,Percentage,18.6,Full Time
S12000034,2013,Ratio,Percentage,18.4,All Patterns
S12000034,2013,Ratio,Percentage,14.3,Full Time
S12000034,2008,Ratio,Percentage,24.1,All Patterns
S12000034,2018,Ratio,Percentage,-15.6,Part Time
S12000034,2015,Ratio,Percentage,9.5,Full Time
S12000034,2010,Ratio,Percentage,19.6,Full Time
S12000034,2004,Ratio,Percentage,4.5,Part Time
S12000034,1998,Ratio,Percentage,-15.6,Part Time
S12000034,2015,Ratio,Percentage,22.7,All Patterns
S12000034,2016,Ratio,Percentage,17.7,All Patterns
S12000034,2016,Ratio,Percentage,16.6,Full Time
S12000034,2014,Ratio,Percentage,20.1,All Patterns
S12000034,2000,Ratio,Percentage,26.2,All Patterns
S12000034,2019,Ratio,Percentage,7.8,Full Time
S12000034,2010,Ratio,Percentage,-4.5,Part Time
S12000034,2014,Ratio,Percentage,12.2,Full Time
S12000034,2005,Ratio,Percentage,15.7,All Patterns
S12000034,1998,Ratio,Percentage,32.8,All Patterns
S12000034,2004,Ratio,Percentage,24.3,All Patterns
S12000034,2019,Ratio,Percentage,-15.5,Part Time
S12000034,1999,Ratio,Percentage,25.4,All Patterns
S12000034,2006,Ratio,Percentage,22.8,Full Time
S12000034,2018,Ratio,Percentage,10.4,All Patterns
S12000034,2001,Ratio,Percentage,27.7,Full Time
S12000034,2003,Ratio,Percentage,27.4,All Patterns
S12000034,2005,Ratio,Percentage,7.4,Full Time
S12000034,2004,Ratio,Percentage,6.3,Full Time
S12000034,1997,Ratio,Percentage,21.1,Full Time
S12000034,2002,Ratio,Percentage,22.6,Full Time
S12000034,2009,Ratio,Percentage,27.2,All Patterns
S12000034,2008,Ratio,Percentage,19,Full Time
S12000034,2006,Ratio,Percentage,26.4,All Patterns
S12000034,1997,Ratio,Percentage,33.4,All Patterns
S12000034,2009,Ratio,Percentage,20.2,Full Time
S12000034,2003,Ratio,Percentage,11.8,Full Time
S12000034,2017,Ratio,Percentage,-3.1,Part Time
S12000034,2002,Ratio,Percentage,34.5,All Patterns
S12000034,2001,Ratio,Percentage,33.3,All Patterns
S12000034,2012,Ratio,Percentage,25.4,All Patterns
S12000034,2007,Ratio,Percentage,31.5,All Patterns
S12000034,2018,Ratio,Percentage,-13.8,Full Time
S12000034,1999,Ratio,Percentage,8.5,Part Time
S12000034,1998,Ratio,Percentage,26.2,Full Time
S12000034,2017,Ratio,Percentage,9,Full Time
S12000034,2019,Ratio,Percentage,10.2,All Patterns
S12000034,1999,Ratio,Percentage,17.5,Full Time
S12000034,2000,Ratio,Percentage,23.7,Full Time
S12000034,2007,Ratio,Percentage,27.1,Full Time
S12000034,2001,Ratio,Percentage,23.3,Part Time
S12000034,2011,Ratio,Percentage,11.4,Full Time
S12000034,2015,Ratio,Percentage,-8.3,Part Time
S12000034,2011,Ratio,Percentage,24,All Patterns
S12000034,2000,Ratio,Percentage,10.6,Part Time
S12000034,2010,Ratio,Percentage,26.6,All Patterns
S12000034,2014,Ratio,Percentage,-7.2,Part Time
S12000034,2016,Ratio,Percentage,-5.5,Part Time
S12000034,2017,Ratio,Percentage,14.5,All Patterns
S12000034,2013,Ratio,Percentage,-8.7,Part Time
S12000034,2012,Ratio,Percentage,10.3,Full Time
S12000035,2013,Ratio,Percentage,25.8,All Patterns
S12000035,2011,Ratio,Percentage,25.3,All Patterns
S12000035,2001,Ratio,Percentage,12.5,Full Time
S12000035,2018,Ratio,Percentage,11,Full Time
S12000035,2012,Ratio,Percentage,-4.4,Part Time
S12000035,2012,Ratio,Percentage,-4.8,Full Time
S12000035,1999,Ratio,Percentage,27.1,All Patterns
S12000035,2008,Ratio,Percentage,13.3,Full Time
S12000035,1998,Ratio,Percentage,26.9,Full Time
S12000035,2017,Ratio,Percentage,25.1,All Patterns
S12000035,2019,Ratio,Percentage,20.4,Full Time
S12000035,2000,Ratio,Percentage,-15.5,Part Time
S12000035,2014,Ratio,Percentage,14.5,Part Time
S12000035,2007,Ratio,Percentage,28.9,All Patterns
S12000035,2003,Ratio,Percentage,8.9,Full Time
S12000035,2005,Ratio,Percentage,27.9,All Patterns
S12000035,2010,Ratio,Percentage,17.1,All Patterns
S12000035,2006,Ratio,Percentage,30.6,All Patterns
S12000035,1999,Ratio,Percentage,-24.4,Part Time
S12000035,2013,Ratio,Percentage,20,Full Time
S12000035,1997,Ratio,Percentage,21.8,Full Time
S12000035,2015,Ratio,Percentage,26.7,All Patterns
S12000035,2000,Ratio,Percentage,28.6,Full Time
S12000035,2009,Ratio,Percentage,-21.3,Part Time
S12000035,2012,Ratio,Percentage,23.3,All Patterns
S12000035,2001,Ratio,Percentage,29.5,All Patterns
S12000035,2015,Ratio,Percentage,11.6,Full Time
S12000035,2016,Ratio,Percentage,23.6,Full Time
S12000035,2003,Ratio,Percentage,12.3,All Patterns
S12000035,2008,Ratio,Percentage,26.4,All Patterns
S12000035,2006,Ratio,Percentage,24.7,Full Time
S12000035,2004,Ratio,Percentage,6.7,Part Time
S12000035,1999,Ratio,Percentage,25.9,Full Time
S12000035,1997,Ratio,Percentage,27.4,All Patterns
S12000035,2000,Ratio,Percentage,30.3,All Patterns
S12000035,2004,Ratio,Percentage,13.9,Full Time
S12000035,2002,Ratio,Percentage,29.1,Full Time
S12000035,2011,Ratio,Percentage,6.9,Part Time
S12000035,1998,Ratio,Percentage,30.5,All Patterns
S12000035,2009,Ratio,Percentage,20.5,All Patterns
S12000035,2016,Ratio,Percentage,30,All Patterns
S12000035,2004,Ratio,Percentage,17.2,All Patterns
S12000035,2014,Ratio,Percentage,18.8,Full Time
S12000035,2005,Ratio,Percentage,18.2,Full Time
S12000035,2001,Ratio,Percentage,-24.5,Part Time
S12000035,2018,Ratio,Percentage,21.9,All Patterns
S12000035,2009,Ratio,Percentage,10.8,Full Time
S12000035,2017,Ratio,Percentage,9.7,Full Time
S12000035,2007,Ratio,Percentage,27.9,Full Time
S12000035,2019,Ratio,Percentage,22.9,All Patterns
S12000035,2010,Ratio,Percentage,-19.7,Part Time
S12000035,2007,Ratio,Percentage,-6.9,Part Time
S12000035,2014,Ratio,Percentage,27.2,All Patterns
S12000035,2011,Ratio,Percentage,8.8,Full Time
S12000035,2010,Ratio,Percentage,4.2,Full Time
S12000036,2012,Ratio,Percentage,8.2,All Patterns
S12000036,2000,Ratio,Percentage,25.4,All Patterns
S12000036,2010,Ratio,Percentage,6.8,All Patterns
S12000036,1997,Ratio,Percentage,25.3,All Patterns
S12000036,2005,Ratio,Percentage,14.2,Full Time
S12000036,1999,Ratio,Percentage,-3.4,Part Time
S12000036,2000,Ratio,Percentage,21.1,Full Time
S12000036,2013,Ratio,Percentage,-11,Part Time
S12000036,2017,Ratio,Percentage,12.2,All Patterns
S12000036,2005,Ratio,Percentage,18.7,All Patterns
S12000036,2005,Ratio,Percentage,-5,Part Time
S12000036,2012,Ratio,Percentage,-38.9,Part Time
S12000036,2015,Ratio,Percentage,11.3,All Patterns
S12000036,2011,Ratio,Percentage,7.8,Full Time
S12000036,2001,Ratio,Percentage,-6.2,Part Time
S12000036,2006,Ratio,Percentage,10.8,Full Time
S12000036,2002,Ratio,Percentage,25.6,All Patterns
S12000036,1997,Ratio,Percentage,21.9,Full Time
S12000036,2009,Ratio,Percentage,4.6,Full Time
S12000036,2008,Ratio,Percentage,8,Full Time
S12000036,2017,Ratio,Percentage,-11.6,Part Time
S12000036,2017,Ratio,Percentage,7.7,Full Time
S12000036,2016,Ratio,Percentage,-13,Part Time
S12000036,2014,Ratio,Percentage,-4.8,Part Time
S12000036,2001,Ratio,Percentage,23.9,All Patterns
S12000036,1998,Ratio,Percentage,19.4,Full Time
S12000036,2018,Ratio,Percentage,9.7,Full Time
S12000036,2001,Ratio,Percentage,20.7,Full Time
S12000036,2019,Ratio,Percentage,-12,Part Time
S12000036,2014,Ratio,Percentage,13.2,All Patterns
S12000036,2004,Ratio,Percentage,19.9,All Patterns
S12000036,2008,Ratio,Percentage,12.6,All Patterns
S12000036,2010,Ratio,Percentage,-10.3,Part Time
S12000036,1997,Ratio,Percentage,-13.4,Part Time
S12000036,2016,Ratio,Percentage,4.8,Full Time
S12000036,2013,Ratio,Percentage,14.9,All Patterns
S12000036,2007,Ratio,Percentage,19.3,All Patterns
S12000036,2018,Ratio,Percentage,10.3,All Patterns
S12000036,2006,Ratio,Percentage,-5.2,Part Time
S12000036,2010,Ratio,Percentage,0.8,Full Time
S12000036,1999,Ratio,Percentage,19.7,Full Time
S12000036,1998,Ratio,Percentage,21.5,All Patterns
S12000036,2016,Ratio,Percentage,8,All Patterns
S12000036,2004,Ratio,Percentage,19,Full Time
S12000036,2011,Ratio,Percentage,-15.7,Part Time
S12000036,2002,Ratio,Percentage,21.1,Full Time
S12000036,2004,Ratio,Percentage,-11.4,Part Time
S12000036,2002,Ratio,Percentage,-12.1,Part Time
S12000036,2008,Ratio,Percentage,-21.7,Part Time
S12000036,2019,Ratio,Percentage,10.7,Full Time
S12000036,2003,Ratio,Percentage,-7.1,Part Time
S12000036,1998,Ratio,Percentage,-18.5,Part Time
S12000036,2011,Ratio,Percentage,11.4,All Patterns
S12000036,2003,Ratio,Percentage,22.5,All Patterns
S12000036,2009,Ratio,Percentage,9.8,All Patterns
S12000036,2015,Ratio,Percentage,-17.9,Part Time
S12000036,1999,Ratio,Percentage,25.4,All Patterns
S12000036,2009,Ratio,Percentage,-15.8,Part Time
S12000036,2006,Ratio,Percentage,18.9,All Patterns
S12000036,2019,Ratio,Percentage,10.5,All Patterns
S12000036,2013,Ratio,Percentage,9.9,Full Time
S12000036,2015,Ratio,Percentage,8.4,Full Time
S12000036,2012,Ratio,Percentage,9.3,Full Time
S12000036,2000,Ratio,Percentage,-5.8,Part Time
S12000036,2018,Ratio,Percentage,-14.3,Part Time
S12000036,2007,Ratio,Percentage,13.1,Full Time
S12000036,2014,Ratio,Percentage,7.5,Full Time
S12000036,2003,Ratio,Percentage,18.6,Full Time
S12000038,2000,Ratio,Percentage,22,Full Time
S12000038,2018,Ratio,Percentage,13,All Patterns
S12000038,2004,Ratio,Percentage,17.6,Full Time
S12000038,1998,Ratio,Percentage,22.7,Full Time
S12000038,2013,Ratio,Percentage,-16.7,Part Time
S12000038,2002,Ratio,Percentage,13,All Patterns
S12000038,1997,Ratio,Percentage,13.2,Full Time
S12000038,2001,Ratio,Percentage,22.1,Full Time
S12000038,2007,Ratio,Percentage,25.9,All Patterns
S12000038,2007,Ratio,Percentage,19.6,Full Time
S12000038,2012,Ratio,Percentage,-1.2,Part Time
S12000038,2010,Ratio,Percentage,13.5,Full Time
S12000038,2008,Ratio,Percentage,15.2,Full Time
S12000038,2006,Ratio,Percentage,13.2,Full Time
S12000038,2003,Ratio,Percentage,10.3,Full Time
S12000038,1999,Ratio,Percentage,13.6,Full Time
S12000038,2002,Ratio,Percentage,12.6,Full Time
S12000038,1997,Ratio,Percentage,23.2,All Patterns
S12000038,2016,Ratio,Percentage,19.8,All Patterns
S12000038,2000,Ratio,Percentage,-18.8,Part Time
S12000038,2013,Ratio,Percentage,29,All Patterns
S12000038,1998,Ratio,Percentage,37,Part Time
S12000038,2003,Ratio,Percentage,18.8,All Patterns
S12000038,1999,Ratio,Percentage,17.4,All Patterns
S12000038,2018,Ratio,Percentage,-3.6,Part Time
S12000038,2015,Ratio,Percentage,-9.7,Part Time
S12000038,2019,Ratio,Percentage,11.7,All Patterns
S12000038,2000,Ratio,Percentage,25.8,All Patterns
S12000038,2006,Ratio,Percentage,18.2,All Patterns
S12000038,2009,Ratio,Percentage,-14.9,Part Time
S12000038,2014,Ratio,Percentage,15.9,Full Time
S12000038,2009,Ratio,Percentage,5.9,Full Time
S12000038,2011,Ratio,Percentage,-5.1,Part Time
S12000038,2011,Ratio,Percentage,14.8,Full Time
S12000038,2019,Ratio,Percentage,-2.1,Full Time
S12000038,2018,Ratio,Percentage,11.1,Full Time
S12000038,2007,Ratio,Percentage,-21.1,Part Time
S12000038,2008,Ratio,Percentage,25.8,All Patterns
S12000038,2010,Ratio,Percentage,22,All Patterns
S12000038,1998,Ratio,Percentage,28.3,All Patterns
S12000038,2006,Ratio,Percentage,-29.4,Part Time
S12000038,2015,Ratio,Percentage,17.9,Full Time
S12000038,2004,Ratio,Percentage,-35.3,Part Time
S12000038,2014,Ratio,Percentage,19.3,All Patterns
S12000038,2010,Ratio,Percentage,-13.6,Part Time
S12000038,2014,Ratio,Percentage,-14.9,Part Time
S12000038,2016,Ratio,Percentage,13.3,Full Time
S12000038,2012,Ratio,Percentage,30.8,All Patterns
S12000038,2004,Ratio,Percentage,16.9,All Patterns
S12000038,2005,Ratio,Percentage,15.1,Full Time
S12000038,2012,Ratio,Percentage,18.8,Full Time
S12000038,2001,Ratio,Percentage,23,All Patterns
S12000038,2017,Ratio,Percentage,16.8,All Patterns
S12000038,2015,Ratio,Percentage,16.2,All Patterns
S12000038,2009,Ratio,Percentage,18.6,All Patterns
S12000038,2011,Ratio,Percentage,20.9,All Patterns
S12000038,2005,Ratio,Percentage,22.3,All Patterns
S12000038,2017,Ratio,Percentage,15.4,Full Time
S12000038,2016,Ratio,Percentage,-12.8,Part Time
S12000038,2008,Ratio,Percentage,-6.8,Part Time
S12000038,2017,Ratio,Percentage,3.5,Part Time
S12000038,2013,Ratio,Percentage,24.2,Full Time
S12000041,2012,Ratio,Percentage,3.3,Full Time
S12000041,2012,Ratio,Percentage,-16.3,Part Time
S12000041,2016,Ratio,Percentage,-8.1,Part Time
S12000041,2006,Ratio,Percentage,3.6,All Patterns
S12000041,2003,Ratio,Percentage,18,Part Time
S12000041,1997,Ratio,Percentage,11.8,Full Time
S12000041,2004,Ratio,Percentage,-5.3,Full Time
S12000041,2010,Ratio,Percentage,11.1,Full Time
S12000041,1998,Ratio,Percentage,33.5,All Patterns
S12000041,2018,Ratio,Percentage,-0.1,Full Time
S12000041,2003,Ratio,Percentage,17.3,All Patterns
S12000041,2002,Ratio,Percentage,23.9,All Patterns
S12000041,2005,Ratio,Percentage,11.2,All Patterns
S12000041,2015,Ratio,Percentage,4.4,Full Time
S12000041,2016,Ratio,Percentage,3.2,Full Time
S12000041,2004,Ratio,Percentage,6.5,All Patterns
S12000041,2008,Ratio,Percentage,13.4,All Patterns
S12000041,2017,Ratio,Percentage,13.6,Full Time
S12000041,2019,Ratio,Percentage,-3.5,Full Time
S12000041,2013,Ratio,Percentage,-20.3,Part Time
S12000041,2010,Ratio,Percentage,15.7,All Patterns
S12000041,2007,Ratio,Percentage,10.6,All Patterns
S12000041,2013,Ratio,Percentage,8,Full Time
S12000041,2017,Ratio,Percentage,4.5,Part Time
S12000041,2009,Ratio,Percentage,8.4,Part Time
S12000041,2015,Ratio,Percentage,11.9,All Patterns
S12000041,2011,Ratio,Percentage,3.5,All Patterns
S12000041,1998,Ratio,Percentage,-6.1,Part Time
S12000041,2019,Ratio,Percentage,13,All Patterns
S12000041,2007,Ratio,Percentage,-10.7,Full Time
S12000041,2009,Ratio,Percentage,11.2,All Patterns
S12000041,1999,Ratio,Percentage,22.4,Full Time
S12000041,2000,Ratio,Percentage,20.2,Full Time
S12000041,2012,Ratio,Percentage,5.7,All Patterns
S12000041,1998,Ratio,Percentage,29.8,Full Time
S12000041,2008,Ratio,Percentage,1.5,Part Time
S12000041,2011,Ratio,Percentage,0.2,Full Time
S12000041,2014,Ratio,Percentage,5.5,All Patterns
S12000041,2004,Ratio,Percentage,8.4,Part Time
S12000041,2011,Ratio,Percentage,-5,Part Time
S12000041,2016,Ratio,Percentage,11.8,All Patterns
S12000041,2000,Ratio,Percentage,25,All Patterns
S12000041,2006,Ratio,Percentage,-6.5,Part Time
S12000041,2019,Ratio,Percentage,-0.4,Part Time
S12000041,2013,Ratio,Percentage,11.3,All Patterns
S12000041,2018,Ratio,Percentage,1.1,Part Time
S12000041,2014,Ratio,Percentage,2.2,Full Time
S12000041,2010,Ratio,Percentage,1.6,Part Time
S12000041,2017,Ratio,Percentage,25.7,All Patterns
S12000041,2002,Ratio,Percentage,-6,Part Time
S12000041,2001,Ratio,Percentage,15.3,Full Time
S12000041,2000,Ratio,Percentage,-7,Part Time
S12000041,2005,Ratio,Percentage,-9.7,Full Time
S12000041,2009,Ratio,Percentage,0.1,Full Time
S12000041,2006,Ratio,Percentage,-13.9,Full Time
S12000041,2018,Ratio,Percentage,10.4,All Patterns
S12000041,2002,Ratio,Percentage,11.7,Full Time
S12000041,2003,Ratio,Percentage,6.6,Full Time
S12000041,2008,Ratio,Percentage,-1,Full Time
S12000041,1997,Ratio,Percentage,17.6,All Patterns
S12000042,2009,Ratio,Percentage,13.9,All Patterns
S12000042,2003,Ratio,Percentage,19.3,All Patterns
S12000042,2018,Ratio,Percentage,-23,Part Time
S12000042,2014,Ratio,Percentage,10.3,All Patterns
S12000042,2014,Ratio,Percentage,-28.2,Part Time
S12000042,2019,Ratio,Percentage,2.8,Full Time
S12000042,2003,Ratio,Percentage,12.3,Full Time
S12000042,2016,Ratio,Percentage,5.6,Full Time
S12000042,2012,Ratio,Percentage,4.1,Full Time
S12000042,2013,Ratio,Percentage,9.6,All Patterns
S12000042,2002,Ratio,Percentage,18,Full Time
S12000042,2010,Ratio,Percentage,-27.7,Part Time
S12000042,2004,Ratio,Percentage,10.6,Full Time
S12000042,2018,Ratio,Percentage,11.9,All Patterns
S12000042,2010,Ratio,Percentage,10.4,Full Time
S12000042,1998,Ratio,Percentage,18,All Patterns
S12000042,2004,Ratio,Percentage,-1.5,Part Time
S12000042,2011,Ratio,Percentage,8.8,All Patterns
S12000042,2008,Ratio,Percentage,17,All Patterns
S12000042,2013,Ratio,Percentage,-27.5,Part Time
S12000042,1999,Ratio,Percentage,14.9,Full Time
S12000042,1999,Ratio,Percentage,19.4,All Patterns
S12000042,2019,Ratio,Percentage,-17.9,Part Time
S12000042,2004,Ratio,Percentage,20.4,All Patterns
S12000042,2007,Ratio,Percentage,14.7,Full Time
S12000042,2018,Ratio,Percentage,3.6,Full Time
S12000042,2014,Ratio,Percentage,11,Full Time
S12000042,2006,Ratio,Percentage,11.9,Full Time
S12000042,2010,Ratio,Percentage,8.2,All Patterns
S12000042,2017,Ratio,Percentage,-2.8,Full Time
S12000042,2000,Ratio,Percentage,25.1,All Patterns
S12000042,2016,Ratio,Percentage,-12.2,Part Time
S12000042,2011,Ratio,Percentage,5.1,Full Time
S12000042,2001,Ratio,Percentage,17.4,Full Time
S12000042,2008,Ratio,Percentage,14.4,Full Time
S12000042,2005,Ratio,Percentage,10.5,Full Time
S12000042,1997,Ratio,Percentage,20.4,All Patterns
S12000042,2001,Ratio,Percentage,21.6,All Patterns
S12000042,1998,Ratio,Percentage,12.6,Full Time
S12000042,1997,Ratio,Percentage,15.9,Full Time
S12000042,2012,Ratio,Percentage,-27.2,Part Time
S12000042,2002,Ratio,Percentage,23.2,All Patterns
S12000042,2019,Ratio,Percentage,10.6,All Patterns
S12000042,2015,Ratio,Percentage,13.5,All Patterns
S12000042,2011,Ratio,Percentage,-15.5,Part Time
S12000042,2006,Ratio,Percentage,20.6,All Patterns
S12000042,2005,Ratio,Percentage,13.9,All Patterns
S12000042,2013,Ratio,Percentage,6.7,Full Time
S12000042,2000,Ratio,Percentage,16.8,Full Time
S12000042,2007,Ratio,Percentage,20.1,All Patterns
S12000042,2015,Ratio,Percentage,-34.8,Part Time
S12000042,2017,Ratio,Percentage,7.5,All Patterns
S12000042,2012,Ratio,Percentage,0,All Patterns
S12000042,2009,Ratio,Percentage,10.8,Full Time
S12000042,2017,Ratio,Percentage,-16.5,Part Time
S12000042,2016,Ratio,Percentage,13.3,All Patterns
S12000042,2015,Ratio,Percentage,11.7,Full Time
S12000042,2009,Ratio,Percentage,-14.1,Part Time
S12000045,2018,Ratio,Percentage,23.6,Full Time
S12000045,2007,Ratio,Percentage,15.6,All Patterns
S12000045,2013,Ratio,Percentage,5.6,Full Time
S12000045,1997,Ratio,Percentage,18.3,All Patterns
S12000045,2010,Ratio,Percentage,22.3,All Patterns
S12000045,2014,Ratio,Percentage,12.1,Full Time
S12000045,1999,Ratio,Percentage,17.5,All Patterns
S12000045,2012,Ratio,Percentage,2.8,Full Time
S12000045,2000,Ratio,Percentage,26.9,All Patterns
S12000045,2004,Ratio,Percentage,-3.4,Full Time
S12000045,1998,Ratio,Percentage,7.2,Full Time
S12000045,2007,Ratio,Percentage,-21.3,Part Time
S12000045,1999,Ratio,Percentage,22.2,Full Time
S12000045,2011,Ratio,Percentage,18.5,All Patterns
S12000045,1997,Ratio,Percentage,18.7,Full Time
S12000045,2017,Ratio,Percentage,25.6,All Patterns
S12000045,1998,Ratio,Percentage,-33,Part Time
S12000045,2003,Ratio,Percentage,28.2,All Patterns
S12000045,2014,Ratio,Percentage,15.5,All Patterns
S12000045,2018,Ratio,Percentage,26.6,All Patterns
S12000045,2005,Ratio,Percentage,-15.1,Full Time
S12000045,2019,Ratio,Percentage,25.4,All Patterns
S12000045,2003,Ratio,Percentage,6.2,Full Time
S12000045,2006,Ratio,Percentage,19.6,Full Time
S12000045,2019,Ratio,Percentage,-6.9,Part Time
S12000045,2003,Ratio,Percentage,5.2,Part Time
S12000045,2016,Ratio,Percentage,26.9,All Patterns
S12000045,2002,Ratio,Percentage,13.1,Full Time
S12000045,2009,Ratio,Percentage,24.8,All Patterns
S12000045,2014,Ratio,Percentage,-9,Part Time
S12000045,2001,Ratio,Percentage,20.9,Part Time
S12000045,2006,Ratio,Percentage,33,All Patterns
S12000045,2016,Ratio,Percentage,33.5,Full Time
S12000045,2017,Ratio,Percentage,-3.2,Part Time
S12000045,2000,Ratio,Percentage,19.4,Full Time
S12000045,2004,Ratio,Percentage,21.2,All Patterns
S12000045,1998,Ratio,Percentage,5.6,All Patterns
S12000045,2008,Ratio,Percentage,17.5,All Patterns
S12000045,2012,Ratio,Percentage,24.5,All Patterns
S12000045,2017,Ratio,Percentage,10.1,Full Time
S12000045,2013,Ratio,Percentage,20.1,All Patterns
S12000045,2015,Ratio,Percentage,9.9,All Patterns
S12000045,2001,Ratio,Percentage,5.4,All Patterns
S12000045,2006,Ratio,Percentage,-25,Part Time
S12000045,2016,Ratio,Percentage,-0.3,Part Time
S12000045,2005,Ratio,Percentage,-22.9,Part Time
S12000045,2005,Ratio,Percentage,17,All Patterns
S12000045,2015,Ratio,Percentage,15.3,Full Time
S12000047,2018,Ratio,Percentage,-11.8,Part Time
S12000047,2006,Ratio,Percentage,18.3,All Patterns
S12000047,1999,Ratio,Percentage,25.5,All Patterns
S12000047,2019,Ratio,Percentage,15.4,All Patterns
S12000047,2014,Ratio,Percentage,14.2,Full Time
S12000047,2000,Ratio,Percentage,-21.4,Part Time
S12000047,2011,Ratio,Percentage,12.2,All Patterns
S12000047,2009,Ratio,Percentage,-16.2,Part Time
S12000047,2011,Ratio,Percentage,6.7,Full Time
S12000047,2005,Ratio,Percentage,3.4,Part Time
S12000047,2008,Ratio,Percentage,1.6,Part Time
S12000047,2006,Ratio,Percentage,2,Part Time
S12000047,2015,Ratio,Percentage,21.3,All Patterns
S12000047,2012,Ratio,Percentage,-9.3,Part Time
S12000047,2001,Ratio,Percentage,-9.1,Part Time
S12000047,2014,Ratio,Percentage,-4.1,Part Time
S12000047,2004,Ratio,Percentage,17.4,Part Time
S12000047,2010,Ratio,Percentage,-3.4,Part Time
S12000047,2014,Ratio,Percentage,22,All Patterns
S12000047,2013,Ratio,Percentage,15,All Patterns
S12000047,2019,Ratio,Percentage,-6.7,Part Time
S12000047,2011,Ratio,Percentage,-7.7,Part Time
S12000047,2007,Ratio,Percentage,4.5,Part Time
S12000047,2003,Ratio,Percentage,-1.9,Part Time
S12000047,2016,Ratio,Percentage,18.8,All Patterns
S12000047,2009,Ratio,Percentage,12.6,Full Time
S12000047,1997,Ratio,Percentage,27,Full Time
S12000047,2010,Ratio,Percentage,17,All Patterns
S12000047,2016,Ratio,Percentage,17.4,Full Time
S12000047,2001,Ratio,Percentage,23,All Patterns
S12000047,1999,Ratio,Percentage,22.4,Full Time
S12000047,2004,Ratio,Percentage,17.5,Full Time
S12000047,2018,Ratio,Percentage,13.2,All Patterns
S12000047,2001,Ratio,Percentage,16.8,Full Time
S12000047,2002,Ratio,Percentage,22.6,All Patterns
S12000047,2018,Ratio,Percentage,3.9,Full Time
S12000047,2003,Ratio,Percentage,22.8,All Patterns
S12000047,2013,Ratio,Percentage,-14.9,Part Time
S12000047,2019,Ratio,Percentage,9.1,Full Time
S12000047,2008,Ratio,Percentage,21.3,All Patterns
S12000047,2004,Ratio,Percentage,22.3,All Patterns
S12000047,1998,Ratio,Percentage,31.1,All Patterns
S12000047,2017,Ratio,Percentage,7.5,Full Time
S12000047,2007,Ratio,Percentage,14.8,All Patterns
S12000047,2015,Ratio,Percentage,9.8,Full Time
S12000047,2005,Ratio,Percentage,19,Full Time
S12000047,2012,Ratio,Percentage,12.1,Full Time
S12000047,2008,Ratio,Percentage,16.9,Full Time
S12000047,2015,Ratio,Percentage,1.2,Part Time
S12000047,2009,Ratio,Percentage,19.7,All Patterns
S12000047,2012,Ratio,Percentage,16.5,All Patterns
S12000047,2017,Ratio,Percentage,11.2,Part Time
S12000047,2016,Ratio,Percentage,-11.6,Part Time
S12000047,2013,Ratio,Percentage,9.3,Full Time
S12000047,1998,Ratio,Percentage,25.7,Full Time
S12000047,2003,Ratio,Percentage,17.9,Full Time
S12000047,1997,Ratio,Percentage,32.9,All Patterns
S12000047,2007,Ratio,Percentage,8.8,Full Time
S12000047,2010,Ratio,Percentage,7.2,Full Time
S12000047,2002,Ratio,Percentage,15.9,Full Time
S12000047,2000,Ratio,Percentage,21.7,Full Time
S12000047,2017,Ratio,Percentage,17.6,All Patterns
S12000047,2006,Ratio,Percentage,10.2,Full Time
S12000047,2005,Ratio,Percentage,22,All Patterns
S12000047,2000,Ratio,Percentage,22.3,All Patterns
S12000048,2009,Ratio,Percentage,19,All Patterns
S12000048,2007,Ratio,Percentage,29,All Patterns
S12000048,2008,Ratio,Percentage,32.4,All Patterns
S12000048,2006,Ratio,Percentage,27.5,All Patterns
S12000048,2011,Ratio,Percentage,14.3,All Patterns
S12000048,2005,Ratio,Percentage,25.3,All Patterns
S12000048,2000,Ratio,Percentage,8.5,Full Time
S12000048,2006,Ratio,Percentage,24,Full Time
S12000048,1999,Ratio,Percentage,13.7,Full Time
S12000048,1998,Ratio,Percentage,11.6,Full Time
S12000048,2013,Ratio,Percentage,18.7,All Patterns
S12000048,2014,Ratio,Percentage,10.2,All Patterns
S12000048,2019,Ratio,Percentage,14,All Patterns
S12000048,2005,Ratio,Percentage,22.4,Full Time
S12000048,2016,Ratio,Percentage,4,Full Time
S12000048,2001,Ratio,Percentage,22,Full Time
S12000048,2015,Ratio,Percentage,11.1,Full Time
S12000048,2017,Ratio,Percentage,10.6,Full Time
S12000048,2002,Ratio,Percentage,12.3,Full Time
S12000048,2003,Ratio,Percentage,24.7,Full Time
S12000048,2004,Ratio,Percentage,24.6,Full Time
S12000048,1997,Ratio,Percentage,0.2,Full Time
S12000048,2003,Ratio,Percentage,-12.8,Part Time
S12000048,2010,Ratio,Percentage,5.8,Part Time
S12000048,2014,Ratio,Percentage,-27.2,Part Time
S12000048,2011,Ratio,Percentage,-20,Part Time
S12000048,2018,Ratio,Percentage,-2.9,Part Time
S12000048,1998,Ratio,Percentage,-26.7,Part Time
S12000048,2016,Ratio,Percentage,-21.5,Part Time
S12000048,2017,Ratio,Percentage,-18.6,Part Time
S12000048,2015,Ratio,Percentage,18,All Patterns
S12000048,2012,Ratio,Percentage,-36.2,Part Time
S12000048,2016,Ratio,Percentage,13.8,All Patterns
S12000048,2012,Ratio,Percentage,13.6,All Patterns
S12000048,2000,Ratio,Percentage,-12.1,Part Time
S12000048,2015,Ratio,Percentage,-25.2,Part Time
S12000048,2013,Ratio,Percentage,-22.2,Part Time
S12000048,2002,Ratio,Percentage,-5.5,Part Time
S12000048,2013,Ratio,Percentage,14.5,Full Time
S12000048,2014,Ratio,Percentage,7.7,Full Time
S12000048,2008,Ratio,Percentage,26.7,Full Time
S12000048,2012,Ratio,Percentage,9.3,Full Time
S12000048,2011,Ratio,Percentage,11.4,Full Time
S12000048,2009,Ratio,Percentage,11.2,Full Time
S12000048,2017,Ratio,Percentage,16.8,All Patterns
S12000048,2018,Ratio,Percentage,7.5,Full Time
S12000048,2007,Ratio,Percentage,24.8,Full Time
S12000048,2010,Ratio,Percentage,16.4,Full Time
S12000048,1997,Ratio,Percentage,18.9,All Patterns
S12000048,2000,Ratio,Percentage,19.7,All Patterns
S12000048,1998,Ratio,Percentage,27.1,All Patterns
S12000048,2010,Ratio,Percentage,18.6,All Patterns
S12000048,1999,Ratio,Percentage,23.3,All Patterns
S12000048,2002,Ratio,Percentage,24.1,All Patterns
S12000048,2001,Ratio,Percentage,26.2,All Patterns
S12000048,2018,Ratio,Percentage,15.3,All Patterns
S12000048,2003,Ratio,Percentage,28.3,All Patterns
S12000048,2004,Ratio,Percentage,34.5,All Patterns
S12000048,2019,Ratio,Percentage,8.4,Full Time
S12000049,2004,Ratio,Percentage,-12.1,Part Time
S12000049,2003,Ratio,Percentage,-9.4,Part Time
S12000049,1997,Ratio,Percentage,-1.8,Part Time
S12000049,2013,Ratio,Percentage,-17.6,Part Time
S12000049,2002,Ratio,Percentage,-10.5,Part Time
S12000049,2000,Ratio,Percentage,-17.4,Part Time
S12000049,2003,Ratio,Percentage,17.3,Full Time
S12000049,2004,Ratio,Percentage,14.1,Full Time
S12000049,1998,Ratio,Percentage,-11.5,Part Time
S12000049,1999,Ratio,Percentage,-6.7,Part Time
S12000049,2001,Ratio,Percentage,-8.7,Part Time
S12000049,2015,Ratio,Percentage,-8.3,Part Time
S12000049,2006,Ratio,Percentage,-9.5,Part Time
S12000049,2017,Ratio,Percentage,-17.4,Part Time
S12000049,2005,Ratio,Percentage,-18.2,Part Time
S12000049,2007,Ratio,Percentage,-20.2,Part Time
S12000049,2011,Ratio,Percentage,-18.2,Part Time
S12000049,2012,Ratio,Percentage,-18.7,Part Time
S12000049,2014,Ratio,Percentage,-7,Part Time
S12000049,2011,Ratio,Percentage,10.6,Full Time
S12000049,2016,Ratio,Percentage,-7.6,Part Time
S12000049,2009,Ratio,Percentage,12.2,Full Time
S12000049,2010,Ratio,Percentage,8.8,Full Time
S12000049,2019,Ratio,Percentage,9.2,Full Time
S12000049,2012,Ratio,Percentage,11.6,Full Time
S12000049,2008,Ratio,Percentage,12.7,Full Time
S12000049,2001,Ratio,Percentage,19.2,Full Time
S12000049,2000,Ratio,Percentage,17.2,Full Time
S12000049,1999,Ratio,Percentage,15.5,Full Time
S12000049,1997,Ratio,Percentage,18.5,Full Time
S12000049,1998,Ratio,Percentage,19,Full Time
S12000049,2005,Ratio,Percentage,14,Full Time
S12000049,2007,Ratio,Percentage,9.5,Full Time
S12000049,2015,Ratio,Percentage,10,Full Time
S12000049,2002,Ratio,Percentage,17.6,Full Time
S12000049,2006,Ratio,Percentage,11.1,Full Time
S12000049,2017,Ratio,Percentage,10,Full Time
S12000049,2018,Ratio,Percentage,9.9,Full Time
S12000049,2013,Ratio,Percentage,12,Full Time
S12000049,2016,Ratio,Percentage,9.8,Full Time
S12000049,2014,Ratio,Percentage,13.7,Full Time
S12000049,2012,Ratio,Percentage,16.5,All Patterns
S12000049,2013,Ratio,Percentage,18.3,All Patterns
S12000049,1997,Ratio,Percentage,24.5,All Patterns
S12000049,2011,Ratio,Percentage,13.8,All Patterns
S12000049,2004,Ratio,Percentage,18.2,All Patterns
S12000049,2010,Ratio,Percentage,11,All Patterns
S12000049,2019,Ratio,Percentage,12.2,All Patterns
S12000049,2008,Ratio,Percentage,11.3,All Patterns
S12000049,2019,Ratio,Percentage,-13.9,Part Time
S12000049,2009,Ratio,Percentage,14.5,All Patterns
S12000049,1998,Ratio,Percentage,23.4,All Patterns
S12000049,2007,Ratio,Percentage,12.3,All Patterns
S12000049,2016,Ratio,Percentage,15.8,All Patterns
S12000049,2017,Ratio,Percentage,13.3,All Patterns
S12000049,2001,Ratio,Percentage,23.3,All Patterns
S12000049,2015,Ratio,Percentage,18.8,All Patterns
S12000049,2018,Ratio,Percentage,14.1,All Patterns
S12000049,2014,Ratio,Percentage,18.6,All Patterns
S12000049,2006,Ratio,Percentage,13.5,All Patterns
S12000049,2005,Ratio,Percentage,13,All Patterns
S12000049,2003,Ratio,Percentage,21.2,All Patterns
S12000049,1999,Ratio,Percentage,22.8,All Patterns
S12000049,2002,Ratio,Percentage,21.4,All Patterns
S12000049,2000,Ratio,Percentage,21.1,All Patterns
S12000049,2008,Ratio,Percentage,-26.8,Part Time
S12000049,2010,Ratio,Percentage,-16.3,Part Time
S12000049,2009,Ratio,Percentage,-20.4,Part Time
S12000049,2018,Ratio,Percentage,-8.2,Part Time
S12000050,1999,Ratio,Percentage,17.5,Full Time
S12000050,2018,Ratio,Percentage,2.3,Full Time
S12000050,2004,Ratio,Percentage,-8.8,Part Time
S12000050,2005,Ratio,Percentage,-8.5,Part Time
S12000050,2003,Ratio,Percentage,2.3,Full Time
S12000050,2002,Ratio,Percentage,10.7,Full Time
S12000050,2004,Ratio,Percentage,1.8,Full Time
S12000050,2017,Ratio,Percentage,9.5,Full Time
S12000050,2016,Ratio,Percentage,0.3,Full Time
S12000050,1997,Ratio,Percentage,22.9,Full Time
S12000050,2015,Ratio,Percentage,0.4,Full Time
S12000050,2013,Ratio,Percentage,1.7,Full Time
S12000050,2006,Ratio,Percentage,10.8,Part Time
S12000050,2012,Ratio,Percentage,4.3,Full Time
S12000050,2014,Ratio,Percentage,6,Full Time
S12000050,2000,Ratio,Percentage,20.9,All Patterns
S12000050,2003,Ratio,Percentage,16.6,All Patterns
S12000050,2007,Ratio,Percentage,5.3,Full Time
S12000050,2001,Ratio,Percentage,26.8,All Patterns
S12000050,1999,Ratio,Percentage,26.1,All Patterns
S12000050,1998,Ratio,Percentage,26.4,All Patterns
S12000050,2002,Ratio,Percentage,23.6,All Patterns
S12000050,1997,Ratio,Percentage,29.1,All Patterns
S12000050,2009,Ratio,Percentage,3.6,Full Time
S12000050,2011,Ratio,Percentage,0.2,Full Time
S12000050,2001,Ratio,Percentage,22.1,Full Time
S12000050,2000,Ratio,Percentage,11.6,Full Time
S12000050,2005,Ratio,Percentage,2,Full Time
S12000050,2008,Ratio,Percentage,2.6,Full Time
S12000050,2010,Ratio,Percentage,3.6,Full Time
S12000050,2006,Ratio,Percentage,-3.5,Full Time
S12000050,2017,Ratio,Percentage,21.5,All Patterns
S12000050,2018,Ratio,Percentage,12.9,All Patterns
S12000050,2014,Ratio,Percentage,15.2,All Patterns
S12000050,2007,Ratio,Percentage,16.7,All Patterns
S12000050,2006,Ratio,Percentage,12.9,All Patterns
S12000050,2015,Ratio,Percentage,14.2,All Patterns
S12000050,2019,Ratio,Percentage,5.1,Part Time
S12000050,2013,Ratio,Percentage,15.5,All Patterns
S12000050,2016,Ratio,Percentage,7,All Patterns
S12000050,2010,Ratio,Percentage,14.9,All Patterns
S12000050,2008,Ratio,Percentage,13,All Patterns
S12000050,2019,Ratio,Percentage,20.5,All Patterns
S12000050,2009,Ratio,Percentage,14.9,All Patterns
S12000050,2005,Ratio,Percentage,10,All Patterns
S12000050,2004,Ratio,Percentage,12.8,All Patterns
S12000050,2012,Ratio,Percentage,13.9,All Patterns
S12000050,2011,Ratio,Percentage,16.5,All Patterns
S12000050,2017,Ratio,Percentage,7,Part Time
S12000050,2011,Ratio,Percentage,6.4,Part Time
S12000050,2002,Ratio,Percentage,-14.1,Part Time
S12000050,2014,Ratio,Percentage,2.9,Part Time
S12000050,2018,Ratio,Percentage,5.5,Part Time
S12000050,2000,Ratio,Percentage,-2.8,Part Time
S12000050,1998,Ratio,Percentage,22.6,Full Time
S12000050,2019,Ratio,Percentage,2.6,Full Time
S12000050,2003,Ratio,Percentage,-7.4,Part Time
S12000050,2008,Ratio,Percentage,-8.8,Part Time
S12000050,2012,Ratio,Percentage,-0.9,Part Time
S12000050,2009,Ratio,Percentage,0.7,Part Time
S12000050,2007,Ratio,Percentage,2.6,Part Time
S12000050,2015,Ratio,Percentage,-4.8,Part Time
S12000050,2016,Ratio,Percentage,-12.2,Part Time
S12000050,2013,Ratio,Percentage,-11,Part Time
S12000050,2010,Ratio,Percentage,-8.8,Part Time
