area_code,reference_area,area_type,reference_period,indicator,value,units
S12000045,East Dunbartonshire,Local Authority,2009/2010,Waste Arisings Per Capita (Kg),662,Kg Per Capita
S12000045,East Dunbartonshire,Local Authority,2008/2009,Waste Arisings Per Capita (Kg),690,Kg Per Capita
S12000027,Shetland Islands,Local Authority,2004/2005,Waste Arisings (Tonnes),14293,Tonnes
S12000045,East Dunbartonshire,Local Authority,2007/2008,Waste Arisings Per Capita (Kg),715,Kg Per Capita
S12000045,East Dunbartonshire,Local Authority,2006/2007,Waste Arisings Per Capita (Kg),703,Kg Per Capita
S12000045,East Dunbartonshire,Local Authority,2005/2006,Waste Arisings Per Capita (Kg),688,Kg Per Capita
S12000045,East Dunbartonshire,Local Authority,2004/2005,Waste Arisings Per Capita (Kg),686,Kg Per Capita
S12000027,Shetland Islands,Local Authority,2010/2011,Waste Arisings (Tonnes),13365,Tonnes
S12000027,Shetland Islands,Local Authority,2009/2010,Waste Arisings (Tonnes),13996,Tonnes
S12000027,Shetland Islands,Local Authority,2006/2007,Waste Arisings (Tonnes),12453,Tonnes
S12000027,Shetland Islands,Local Authority,2010/2011,Waste Arisings Per Capita (Kg),597,Kg Per Capita
S12000027,Shetland Islands,Local Authority,2005/2006,Waste Arisings (Tonnes),13086,Tonnes
S12000027,Shetland Islands,Local Authority,2011/2012,Waste Arisings Per Capita (Kg),603,Kg Per Capita
S12000027,Shetland Islands,Local Authority,2005/2006,Biodegradable Municipal Waste Sent To Landfill (Ktonnes),2.1,ktonnes
S12000027,Shetland Islands,Local Authority,2004/2005,Biodegradable Municipal Waste Sent To Landfill (Ktonnes),2.2,ktonnes
S12000027,Shetland Islands,Local Authority,2009/2010,Biodegradable Municipal Waste Sent To Landfill (Ktonnes),0.5,ktonnes
S12000027,Shetland Islands,Local Authority,2005/2006,Waste Arisings Per Capita (Kg),616,Kg Per Capita
S12000027,Shetland Islands,Local Authority,2006/2007,Waste Arisings Per Capita (Kg),569,Kg Per Capita
S12000027,Shetland Islands,Local Authority,2006/2007,Biodegradable Municipal Waste Sent To Landfill (Ktonnes),0.8,ktonnes
S12000045,East Dunbartonshire,Local Authority,2005/2006,Waste Arisings (Tonnes),73605,Tonnes
S12000045,East Dunbartonshire,Local Authority,2007/2008,Waste Arisings (Tonnes),74941,Tonnes
S12000027,Shetland Islands,Local Authority,2011/2012,Waste Arisings (Tonnes),13574,Tonnes
S12000027,Shetland Islands,Local Authority,2007/2008,Biodegradable Municipal Waste Sent To Landfill (Ktonnes),0.7,ktonnes
S12000027,Shetland Islands,Local Authority,2010/2011,Biodegradable Municipal Waste Sent To Landfill (Ktonnes),0.3,ktonnes
S12000027,Shetland Islands,Local Authority,2008/2009,Biodegradable Municipal Waste Sent To Landfill (Ktonnes),0.5,ktonnes
S12000026,Scottish Borders,Local Authority,2004/2005,Waste Arisings (Tonnes),79876,Tonnes
S12000045,East Dunbartonshire,Local Authority,2010/2011,Waste Arisings (Tonnes),66003,Tonnes
S12000026,Scottish Borders,Local Authority,2005/2006,Waste Arisings (Tonnes),73214,Tonnes
S12000026,Scottish Borders,Local Authority,2006/2007,Biodegradable Municipal Waste Sent To Landfill (Ktonnes),30.7,ktonnes
S12000026,Scottish Borders,Local Authority,2007/2008,Biodegradable Municipal Waste Sent To Landfill (Ktonnes),29.9,ktonnes
S12000045,East Dunbartonshire,Local Authority,2009/2010,Waste Arisings (Tonnes),69301,Tonnes
S12000026,Scottish Borders,Local Authority,2011/2012,Waste Arisings (Tonnes),65207,Tonnes
S12000026,Scottish Borders,Local Authority,2007/2008,Waste Arisings (Tonnes),76914,Tonnes
S12000026,Scottish Borders,Local Authority,2011/2012,Waste Arisings Per Capita (Kg),576,Kg Per Capita
S12000026,Scottish Borders,Local Authority,2008/2009,Waste Arisings (Tonnes),73617,Tonnes
S12000026,Scottish Borders,Local Authority,2009/2010,Waste Arisings Per Capita (Kg),626,Kg Per Capita
S12000026,Scottish Borders,Local Authority,2006/2007,Waste Arisings (Tonnes),73625,Tonnes
S12000026,Scottish Borders,Local Authority,2004/2005,Waste Arisings Per Capita (Kg),731,Kg Per Capita
S12000026,Scottish Borders,Local Authority,2004/2005,Biodegradable Municipal Waste Sent To Landfill (Ktonnes),46.9,ktonnes
S12000026,Scottish Borders,Local Authority,2008/2009,Waste Arisings Per Capita (Kg),655,Kg Per Capita
S12000027,Shetland Islands,Local Authority,2007/2008,Waste Arisings (Tonnes),11790,Tonnes
S12000027,Shetland Islands,Local Authority,2008/2009,Waste Arisings (Tonnes),11624,Tonnes
S12000026,Scottish Borders,Local Authority,2005/2006,Waste Arisings Per Capita (Kg),665,Kg Per Capita
S12000026,Scottish Borders,Local Authority,2009/2010,Biodegradable Municipal Waste Sent To Landfill (Ktonnes),25.2,ktonnes
S12000026,Scottish Borders,Local Authority,2010/2011,Biodegradable Municipal Waste Sent To Landfill (Ktonnes),23,ktonnes
S12000026,Scottish Borders,Local Authority,2005/2006,Biodegradable Municipal Waste Sent To Landfill (Ktonnes),38.1,ktonnes
S12000026,Scottish Borders,Local Authority,2007/2008,Waste Arisings Per Capita (Kg),690,Kg Per Capita
S12000026,Scottish Borders,Local Authority,2006/2007,Waste Arisings Per Capita (Kg),668,Kg Per Capita
S12000026,Scottish Borders,Local Authority,2008/2009,Biodegradable Municipal Waste Sent To Landfill (Ktonnes),27.2,ktonnes
S12000028,South Ayrshire,Local Authority,2008/2009,Waste Arisings Per Capita (Kg),736,Kg Per Capita
S12000028,South Ayrshire,Local Authority,2007/2008,Waste Arisings Per Capita (Kg),793,Kg Per Capita
S12000028,South Ayrshire,Local Authority,2005/2006,Waste Arisings (Tonnes),78701,Tonnes
S12000028,South Ayrshire,Local Authority,2004/2005,Waste Arisings (Tonnes),76274,Tonnes
S12000045,East Dunbartonshire,Local Authority,2005/2006,Biodegradable Municipal Waste Sent To Landfill (Ktonnes),32.8,ktonnes
S12000045,East Dunbartonshire,Local Authority,2010/2011,Biodegradable Municipal Waste Sent To Landfill (Ktonnes),24.9,ktonnes
S12000028,South Ayrshire,Local Authority,2009/2010,Waste Arisings Per Capita (Kg),751,Kg Per Capita
S12000028,South Ayrshire,Local Authority,2005/2006,Biodegradable Municipal Waste Sent To Landfill (Ktonnes),28.6,ktonnes
S12000028,South Ayrshire,Local Authority,2007/2008,Biodegradable Municipal Waste Sent To Landfill (Ktonnes),27.5,ktonnes
S12000028,South Ayrshire,Local Authority,2004/2005,Biodegradable Municipal Waste Sent To Landfill (Ktonnes),37.2,ktonnes
S12000028,South Ayrshire,Local Authority,2011/2012,Waste Arisings Per Capita (Kg),665,Kg Per Capita
S12000028,South Ayrshire,Local Authority,2010/2011,Waste Arisings Per Capita (Kg),695,Kg Per Capita
S12000028,South Ayrshire,Local Authority,2006/2007,Biodegradable Municipal Waste Sent To Landfill (Ktonnes),28,ktonnes
S12000029,South Lanarkshire,Local Authority,2005/2006,Biodegradable Municipal Waste Sent To Landfill (Ktonnes),84.8,ktonnes
S12000029,South Lanarkshire,Local Authority,2009/2010,Biodegradable Municipal Waste Sent To Landfill (Ktonnes),75.5,ktonnes
S12000029,South Lanarkshire,Local Authority,2004/2005,Biodegradable Municipal Waste Sent To Landfill (Ktonnes),94.6,ktonnes
S12000029,South Lanarkshire,Local Authority,2008/2009,Biodegradable Municipal Waste Sent To Landfill (Ktonnes),79.8,ktonnes
S12000029,South Lanarkshire,Local Authority,2010/2011,Waste Arisings Per Capita (Kg),568,Kg Per Capita
S12000029,South Lanarkshire,Local Authority,2010/2011,Biodegradable Municipal Waste Sent To Landfill (Ktonnes),69.6,ktonnes
S12000042,Dundee City,Local Authority,2004/2005,Waste Arisings Per Capita (Kg),699,Kg Per Capita
S12000042,Dundee City,Local Authority,2006/2007,Waste Arisings Per Capita (Kg),650,Kg Per Capita
S12000045,East Dunbartonshire,Local Authority,2009/2010,Biodegradable Municipal Waste Sent To Landfill (Ktonnes),27.3,ktonnes
S12000029,South Lanarkshire,Local Authority,2006/2007,Biodegradable Municipal Waste Sent To Landfill (Ktonnes),84.9,ktonnes
S12000029,South Lanarkshire,Local Authority,2007/2008,Biodegradable Municipal Waste Sent To Landfill (Ktonnes),82,ktonnes
S12000042,Dundee City,Local Authority,2005/2006,Waste Arisings Per Capita (Kg),670,Kg Per Capita
S12000045,East Dunbartonshire,Local Authority,2010/2011,Waste Arisings Per Capita (Kg),631,Kg Per Capita
S12000028,South Ayrshire,Local Authority,2007/2008,Waste Arisings (Tonnes),88593,Tonnes
S12000045,East Dunbartonshire,Local Authority,2006/2007,Waste Arisings (Tonnes),74098,Tonnes
S12000028,South Ayrshire,Local Authority,2009/2010,Waste Arisings (Tonnes),83740,Tonnes
S12000028,South Ayrshire,Local Authority,2008/2009,Waste Arisings (Tonnes),82240,Tonnes
S12000028,South Ayrshire,Local Authority,2006/2007,Waste Arisings (Tonnes),84147,Tonnes
S12000027,Shetland Islands,Local Authority,2008/2009,Waste Arisings Per Capita (Kg),529,Kg Per Capita
S12000027,Shetland Islands,Local Authority,2009/2010,Waste Arisings Per Capita (Kg),630,Kg Per Capita
S12000027,Shetland Islands,Local Authority,2004/2005,Waste Arisings Per Capita (Kg),592,Kg Per Capita
S12000028,South Ayrshire,Local Authority,2011/2012,Waste Arisings (Tonnes),74174,Tonnes
S12000028,South Ayrshire,Local Authority,2010/2011,Waste Arisings (Tonnes),77501,Tonnes
S12000027,Shetland Islands,Local Authority,2007/2008,Waste Arisings Per Capita (Kg),537,Kg Per Capita
S12000045,East Dunbartonshire,Local Authority,2006/2007,Biodegradable Municipal Waste Sent To Landfill (Ktonnes),31,ktonnes
S12000028,South Ayrshire,Local Authority,2004/2005,Waste Arisings Per Capita (Kg),713,Kg Per Capita
S12000045,East Dunbartonshire,Local Authority,2004/2005,Biodegradable Municipal Waste Sent To Landfill (Ktonnes),37.9,ktonnes
S12000028,South Ayrshire,Local Authority,2006/2007,Waste Arisings Per Capita (Kg),754,Kg Per Capita
S12000028,South Ayrshire,Local Authority,2005/2006,Waste Arisings Per Capita (Kg),706,Kg Per Capita
S12000028,South Ayrshire,Local Authority,2008/2009,Biodegradable Municipal Waste Sent To Landfill (Ktonnes),26.3,ktonnes
S12000045,East Dunbartonshire,Local Authority,2004/2005,Waste Arisings (Tonnes),73082,Tonnes
S12000045,East Dunbartonshire,Local Authority,2011/2012,Waste Arisings Per Capita (Kg),593,Kg Per Capita
S12000028,South Ayrshire,Local Authority,2010/2011,Biodegradable Municipal Waste Sent To Landfill (Ktonnes),24.4,ktonnes
S12000045,East Dunbartonshire,Local Authority,2007/2008,Biodegradable Municipal Waste Sent To Landfill (Ktonnes),30.7,ktonnes
S12000045,East Dunbartonshire,Local Authority,2008/2009,Biodegradable Municipal Waste Sent To Landfill (Ktonnes),29.4,ktonnes
S12000028,South Ayrshire,Local Authority,2009/2010,Biodegradable Municipal Waste Sent To Landfill (Ktonnes),26.9,ktonnes
S12000020,Moray,Local Authority,2006/2007,Waste Arisings Per Capita (Kg),751,Kg Per Capita
S12000020,Moray,Local Authority,2005/2006,Waste Arisings (Tonnes),61696,Tonnes
S12000020,Moray,Local Authority,2011/2012,Waste Arisings (Tonnes),60930,Tonnes
S12000020,Moray,Local Authority,2010/2011,Waste Arisings (Tonnes),66659,Tonnes
S12000020,Moray,Local Authority,2004/2005,Waste Arisings (Tonnes),68493,Tonnes
S12000020,Moray,Local Authority,2008/2009,Waste Arisings (Tonnes),63787,Tonnes
S12000020,Moray,Local Authority,2006/2007,Waste Arisings (Tonnes),65124,Tonnes
S12000020,Moray,Local Authority,2006/2007,Biodegradable Municipal Waste Sent To Landfill (Ktonnes),23.6,ktonnes
S12000020,Moray,Local Authority,2005/2006,Biodegradable Municipal Waste Sent To Landfill (Ktonnes),26.3,ktonnes
S12000020,Moray,Local Authority,2004/2005,Biodegradable Municipal Waste Sent To Landfill (Ktonnes),39.7,ktonnes
S12000020,Moray,Local Authority,2009/2010,Biodegradable Municipal Waste Sent To Landfill (Ktonnes),22.7,ktonnes
S12000020,Moray,Local Authority,2007/2008,Biodegradable Municipal Waste Sent To Landfill (Ktonnes),21.3,ktonnes
S12000020,Moray,Local Authority,2008/2009,Biodegradable Municipal Waste Sent To Landfill (Ktonnes),21.2,ktonnes
S12000021,North Ayrshire,Local Authority,2006/2007,Waste Arisings Per Capita (Kg),646,Kg Per Capita
S12000021,North Ayrshire,Local Authority,2011/2012,Waste Arisings Per Capita (Kg),594,Kg Per Capita
S12000021,North Ayrshire,Local Authority,2007/2008,Waste Arisings Per Capita (Kg),666,Kg Per Capita
S12000021,North Ayrshire,Local Authority,2004/2005,Waste Arisings (Tonnes),82423,Tonnes
S12000021,North Ayrshire,Local Authority,2009/2010,Waste Arisings Per Capita (Kg),631,Kg Per Capita
S12000021,North Ayrshire,Local Authority,2005/2006,Waste Arisings (Tonnes),87205,Tonnes
S12000020,Moray,Local Authority,2007/2008,Waste Arisings (Tonnes),64332,Tonnes
S12000021,North Ayrshire,Local Authority,2004/2005,Waste Arisings Per Capita (Kg),608,Kg Per Capita
S12000020,Moray,Local Authority,2009/2010,Waste Arisings (Tonnes),64531,Tonnes
S12000021,North Ayrshire,Local Authority,2008/2009,Waste Arisings Per Capita (Kg),647,Kg Per Capita
S12000021,North Ayrshire,Local Authority,2007/2008,Waste Arisings (Tonnes),90444,Tonnes
S12000021,North Ayrshire,Local Authority,2005/2006,Waste Arisings Per Capita (Kg),637,Kg Per Capita
S12000047,Fife,Local Authority,2004/2005,Biodegradable Municipal Waste Sent To Landfill (Ktonnes),119.3,ktonnes
S12000019,Midlothian,Local Authority,2005/2006,Waste Arisings (Tonnes),52567,Tonnes
S12000019,Midlothian,Local Authority,2004/2005,Waste Arisings Per Capita (Kg),688,Kg Per Capita
S12000019,Midlothian,Local Authority,2004/2005,Biodegradable Municipal Waste Sent To Landfill (Ktonnes),33.8,ktonnes
S12000047,Fife,Local Authority,2005/2006,Biodegradable Municipal Waste Sent To Landfill (Ktonnes),110.5,ktonnes
S12000019,Midlothian,Local Authority,2005/2006,Waste Arisings Per Capita (Kg),669,Kg Per Capita
S12000019,Midlothian,Local Authority,2011/2012,Waste Arisings (Tonnes),48770,Tonnes
S12000019,Midlothian,Local Authority,2006/2007,Waste Arisings Per Capita (Kg),680,Kg Per Capita
S12000019,Midlothian,Local Authority,2006/2007,Biodegradable Municipal Waste Sent To Landfill (Ktonnes),21.7,ktonnes
S12000019,Midlothian,Local Authority,2010/2011,Biodegradable Municipal Waste Sent To Landfill (Ktonnes),14.8,ktonnes
S12000047,Fife,Local Authority,2007/2008,Biodegradable Municipal Waste Sent To Landfill (Ktonnes),96.1,ktonnes
S12000019,Midlothian,Local Authority,2009/2010,Biodegradable Municipal Waste Sent To Landfill (Ktonnes),16.2,ktonnes
S12000020,Moray,Local Authority,2008/2009,Waste Arisings Per Capita (Kg),727,Kg Per Capita
S12000020,Moray,Local Authority,2010/2011,Biodegradable Municipal Waste Sent To Landfill (Ktonnes),23.1,ktonnes
S12000020,Moray,Local Authority,2007/2008,Waste Arisings Per Capita (Kg),741,Kg Per Capita
S12000020,Moray,Local Authority,2011/2012,Waste Arisings Per Capita (Kg),698,Kg Per Capita
S12000020,Moray,Local Authority,2009/2010,Waste Arisings Per Capita (Kg),736,Kg Per Capita
S12000020,Moray,Local Authority,2010/2011,Waste Arisings Per Capita (Kg),760,Kg Per Capita
S12000020,Moray,Local Authority,2004/2005,Waste Arisings Per Capita (Kg),903,Kg Per Capita
S12000020,Moray,Local Authority,2005/2006,Waste Arisings Per Capita (Kg),714,Kg Per Capita
S12000047,Fife,Local Authority,2010/2011,Biodegradable Municipal Waste Sent To Landfill (Ktonnes),86.2,ktonnes
S12000047,Fife,Local Authority,2008/2009,Biodegradable Municipal Waste Sent To Landfill (Ktonnes),88.3,ktonnes
S12000047,Fife,Local Authority,2009/2010,Biodegradable Municipal Waste Sent To Landfill (Ktonnes),84.4,ktonnes
S12000047,Fife,Local Authority,2004/2005,Waste Arisings Per Capita (Kg),699,Kg Per Capita
S12000023,Orkney Islands,Local Authority,2008/2009,Biodegradable Municipal Waste Sent To Landfill (Ktonnes),0.5,ktonnes
S12000047,Fife,Local Authority,2010/2011,Waste Arisings (Tonnes),253991,Tonnes
S12000023,Orkney Islands,Local Authority,2006/2007,Biodegradable Municipal Waste Sent To Landfill (Ktonnes),0.8,ktonnes
S12000023,Orkney Islands,Local Authority,2009/2010,Biodegradable Municipal Waste Sent To Landfill (Ktonnes),0.7,ktonnes
S12000047,Fife,Local Authority,2011/2012,Waste Arisings (Tonnes),254914,Tonnes
S12000023,Orkney Islands,Local Authority,2011/2012,Waste Arisings (Tonnes),14992,Tonnes
S12000023,Orkney Islands,Local Authority,2004/2005,Waste Arisings Per Capita (Kg),706,Kg Per Capita
S12000023,Orkney Islands,Local Authority,2011/2012,Waste Arisings Per Capita (Kg),744,Kg Per Capita
S12000023,Orkney Islands,Local Authority,2010/2011,Biodegradable Municipal Waste Sent To Landfill (Ktonnes),0.6,ktonnes
S12000023,Orkney Islands,Local Authority,2007/2008,Waste Arisings (Tonnes),14883,Tonnes
S12000023,Orkney Islands,Local Authority,2005/2006,Waste Arisings (Tonnes),13968,Tonnes
S12000023,Orkney Islands,Local Authority,2007/2008,Biodegradable Municipal Waste Sent To Landfill (Ktonnes),0.2,ktonnes
S12000023,Orkney Islands,Local Authority,2004/2005,Waste Arisings (Tonnes),13771,Tonnes
S12000023,Orkney Islands,Local Authority,2010/2011,Waste Arisings (Tonnes),15604,Tonnes
S12000023,Orkney Islands,Local Authority,2005/2006,Waste Arisings Per Capita (Kg),713,Kg Per Capita
S12000045,East Dunbartonshire,Local Authority,2008/2009,Waste Arisings (Tonnes),72215,Tonnes
S12000026,Scottish Borders,Local Authority,2010/2011,Waste Arisings (Tonnes),67749,Tonnes
S12000026,Scottish Borders,Local Authority,2010/2011,Waste Arisings Per Capita (Kg),600,Kg Per Capita
S12000026,Scottish Borders,Local Authority,2009/2010,Waste Arisings (Tonnes),70498,Tonnes
S12000047,Fife,Local Authority,2009/2010,Waste Arisings (Tonnes),246424,Tonnes
S12000045,East Dunbartonshire,Local Authority,2011/2012,Waste Arisings (Tonnes),61988,Tonnes
S12000047,Fife,Local Authority,2008/2009,Waste Arisings (Tonnes),247823,Tonnes
S12000023,Orkney Islands,Local Authority,2007/2008,Waste Arisings Per Capita (Kg),749,Kg Per Capita
S12000023,Orkney Islands,Local Authority,2009/2010,Waste Arisings (Tonnes),15354,Tonnes
S12000023,Orkney Islands,Local Authority,2006/2007,Waste Arisings Per Capita (Kg),749,Kg Per Capita
S12000021,North Ayrshire,Local Authority,2010/2011,Biodegradable Municipal Waste Sent To Landfill (Ktonnes),26.3,ktonnes
S12000021,North Ayrshire,Local Authority,2008/2009,Waste Arisings (Tonnes),87963,Tonnes
S12000047,Fife,Local Authority,2004/2005,Waste Arisings (Tonnes),247977,Tonnes
S12000021,North Ayrshire,Local Authority,2010/2011,Waste Arisings (Tonnes),84483,Tonnes
S12000021,North Ayrshire,Local Authority,2009/2010,Waste Arisings (Tonnes),85518,Tonnes
S12000021,North Ayrshire,Local Authority,2009/2010,Biodegradable Municipal Waste Sent To Landfill (Ktonnes),29.3,ktonnes
S12000021,North Ayrshire,Local Authority,2010/2011,Waste Arisings Per Capita (Kg),625,Kg Per Capita
S12000021,North Ayrshire,Local Authority,2004/2005,Biodegradable Municipal Waste Sent To Landfill (Ktonnes),37.6,ktonnes
S12000021,North Ayrshire,Local Authority,2006/2007,Waste Arisings (Tonnes),87541,Tonnes
S12000047,Fife,Local Authority,2006/2007,Waste Arisings (Tonnes),254135,Tonnes
S12000047,Fife,Local Authority,2007/2008,Waste Arisings (Tonnes),252077,Tonnes
S12000021,North Ayrshire,Local Authority,2011/2012,Waste Arisings (Tonnes),80282,Tonnes
S12000023,Orkney Islands,Local Authority,2005/2006,Biodegradable Municipal Waste Sent To Landfill (Ktonnes),0.9,ktonnes
S12000023,Orkney Islands,Local Authority,2004/2005,Biodegradable Municipal Waste Sent To Landfill (Ktonnes),1.1,ktonnes
S12000023,Orkney Islands,Local Authority,2010/2011,Waste Arisings Per Capita (Kg),776,Kg Per Capita
S12000023,Orkney Islands,Local Authority,2008/2009,Waste Arisings (Tonnes),14776,Tonnes
S12000023,Orkney Islands,Local Authority,2009/2010,Waste Arisings Per Capita (Kg),769,Kg Per Capita
S12000023,Orkney Islands,Local Authority,2008/2009,Waste Arisings Per Capita (Kg),743,Kg Per Capita
S12000021,North Ayrshire,Local Authority,2005/2006,Biodegradable Municipal Waste Sent To Landfill (Ktonnes),37.5,ktonnes
S12000021,North Ayrshire,Local Authority,2008/2009,Biodegradable Municipal Waste Sent To Landfill (Ktonnes),32.8,ktonnes
S12000021,North Ayrshire,Local Authority,2006/2007,Biodegradable Municipal Waste Sent To Landfill (Ktonnes),38,ktonnes
S12000047,Fife,Local Authority,2005/2006,Waste Arisings (Tonnes),252904,Tonnes
S12000023,Orkney Islands,Local Authority,2006/2007,Waste Arisings (Tonnes),14801,Tonnes
S12000021,North Ayrshire,Local Authority,2007/2008,Biodegradable Municipal Waste Sent To Landfill (Ktonnes),36.1,ktonnes
S12000041,Angus,Local Authority,2010/2011,Waste Arisings (Tonnes),72965,Tonnes
S12000041,Angus,Local Authority,2011/2012,Waste Arisings (Tonnes),75181,Tonnes
S12000035,Argyll and Bute,Local Authority,2010/2011,Waste Arisings (Tonnes),55148,Tonnes
S12000035,Argyll and Bute,Local Authority,2008/2009,Waste Arisings (Tonnes),59724,Tonnes
S12000036,City of Edinburgh,Local Authority,2008/2009,Biodegradable Municipal Waste Sent To Landfill (Ktonnes),101.2,ktonnes
S12000036,City of Edinburgh,Local Authority,2007/2008,Biodegradable Municipal Waste Sent To Landfill (Ktonnes),109.6,ktonnes
S12000035,Argyll and Bute,Local Authority,2011/2012,Waste Arisings (Tonnes),56360,Tonnes
S12000041,Angus,Local Authority,2006/2007,Waste Arisings (Tonnes),78526,Tonnes
S12000041,Angus,Local Authority,2007/2008,Waste Arisings (Tonnes),78185,Tonnes
S12000035,Argyll and Bute,Local Authority,2007/2008,Waste Arisings Per Capita (Kg),682,Kg Per Capita
S12000041,Angus,Local Authority,2005/2006,Waste Arisings (Tonnes),73333,Tonnes
S12000035,Argyll and Bute,Local Authority,2009/2010,Waste Arisings (Tonnes),57516,Tonnes
S12000041,Angus,Local Authority,2006/2007,Waste Arisings Per Capita (Kg),718,Kg Per Capita
S12000041,Angus,Local Authority,2009/2010,Waste Arisings (Tonnes),76780,Tonnes
S12000036,City of Edinburgh,Local Authority,2009/2010,Waste Arisings (Tonnes),226601,Tonnes
S12000036,City of Edinburgh,Local Authority,2011/2012,Waste Arisings (Tonnes),223222,Tonnes
S12000036,City of Edinburgh,Local Authority,2010/2011,Waste Arisings (Tonnes),221865,Tonnes
S12000041,Angus,Local Authority,2004/2005,Waste Arisings (Tonnes),77168,Tonnes
S12000036,City of Edinburgh,Local Authority,2008/2009,Waste Arisings (Tonnes),242247,Tonnes
S12000036,City of Edinburgh,Local Authority,2009/2010,Biodegradable Municipal Waste Sent To Landfill (Ktonnes),93.7,ktonnes
S12000036,City of Edinburgh,Local Authority,2005/2006,Biodegradable Municipal Waste Sent To Landfill (Ktonnes),125.9,ktonnes
S12000036,City of Edinburgh,Local Authority,2010/2011,Biodegradable Municipal Waste Sent To Landfill (Ktonnes),91.3,ktonnes
S12000036,City of Edinburgh,Local Authority,2006/2007,Biodegradable Municipal Waste Sent To Landfill (Ktonnes),120.8,ktonnes
S12000041,Angus,Local Authority,2008/2009,Waste Arisings (Tonnes),77369,Tonnes
S12000036,City of Edinburgh,Local Authority,2004/2005,Biodegradable Municipal Waste Sent To Landfill (Ktonnes),140.8,ktonnes
S12000035,Argyll and Bute,Local Authority,2007/2008,Biodegradable Municipal Waste Sent To Landfill (Ktonnes),25.9,ktonnes
S12000035,Argyll and Bute,Local Authority,2004/2005,Biodegradable Municipal Waste Sent To Landfill (Ktonnes),33.1,ktonnes
S12000035,Argyll and Bute,Local Authority,2006/2007,Biodegradable Municipal Waste Sent To Landfill (Ktonnes),26.2,ktonnes
S12000035,Argyll and Bute,Local Authority,2009/2010,Biodegradable Municipal Waste Sent To Landfill (Ktonnes),21.2,ktonnes
S12000035,Argyll and Bute,Local Authority,2010/2011,Biodegradable Municipal Waste Sent To Landfill (Ktonnes),20.6,ktonnes
S12000035,Argyll and Bute,Local Authority,2005/2006,Biodegradable Municipal Waste Sent To Landfill (Ktonnes),32.8,ktonnes
S12000042,Dundee City,Local Authority,2005/2006,Biodegradable Municipal Waste Sent To Landfill (Ktonnes),9.9,ktonnes
S12000042,Dundee City,Local Authority,2009/2010,Biodegradable Municipal Waste Sent To Landfill (Ktonnes),6.4,ktonnes
S12000042,Dundee City,Local Authority,2004/2005,Biodegradable Municipal Waste Sent To Landfill (Ktonnes),16.8,ktonnes
S12000042,Dundee City,Local Authority,2007/2008,Biodegradable Municipal Waste Sent To Landfill (Ktonnes),10.1,ktonnes
S12000042,Dundee City,Local Authority,2008/2009,Biodegradable Municipal Waste Sent To Landfill (Ktonnes),9.1,ktonnes
S12000042,Dundee City,Local Authority,2010/2011,Biodegradable Municipal Waste Sent To Landfill (Ktonnes),3.5,ktonnes
S12000035,Argyll and Bute,Local Authority,2005/2006,Waste Arisings Per Capita (Kg),740,Kg Per Capita
S12000035,Argyll and Bute,Local Authority,2006/2007,Waste Arisings Per Capita (Kg),673,Kg Per Capita
S12000035,Argyll and Bute,Local Authority,2005/2006,Waste Arisings (Tonnes),67259,Tonnes
S12000035,Argyll and Bute,Local Authority,2008/2009,Waste Arisings Per Capita (Kg),660,Kg Per Capita
S12000035,Argyll and Bute,Local Authority,2009/2010,Waste Arisings Per Capita (Kg),639,Kg Per Capita
S12000035,Argyll and Bute,Local Authority,2004/2005,Waste Arisings Per Capita (Kg),681,Kg Per Capita
S12000035,Argyll and Bute,Local Authority,2011/2012,Waste Arisings Per Capita (Kg),629,Kg Per Capita
S12000035,Argyll and Bute,Local Authority,2004/2005,Waste Arisings (Tonnes),62240,Tonnes
S12000035,Argyll and Bute,Local Authority,2008/2009,Biodegradable Municipal Waste Sent To Landfill (Ktonnes),24.5,ktonnes
S12000035,Argyll and Bute,Local Authority,2006/2007,Waste Arisings (Tonnes),61505,Tonnes
S12000035,Argyll and Bute,Local Authority,2007/2008,Waste Arisings (Tonnes),62309,Tonnes
S12000035,Argyll and Bute,Local Authority,2010/2011,Waste Arisings Per Capita (Kg),618,Kg Per Capita
S12000038,Renfrewshire,Local Authority,2007/2008,Waste Arisings Per Capita (Kg),577,Kg Per Capita
S12000038,Renfrewshire,Local Authority,2008/2009,Waste Arisings Per Capita (Kg),548,Kg Per Capita
S12000038,Renfrewshire,Local Authority,2010/2011,Biodegradable Municipal Waste Sent To Landfill (Ktonnes),33,ktonnes
S12000038,Renfrewshire,Local Authority,2009/2010,Biodegradable Municipal Waste Sent To Landfill (Ktonnes),37.2,ktonnes
S12000038,Renfrewshire,Local Authority,2006/2007,Waste Arisings Per Capita (Kg),593,Kg Per Capita
S12000038,Renfrewshire,Local Authority,2011/2012,Waste Arisings Per Capita (Kg),530,Kg Per Capita
S12000038,Renfrewshire,Local Authority,2005/2006,Waste Arisings Per Capita (Kg),604,Kg Per Capita
S12000041,Angus,Local Authority,2010/2011,Biodegradable Municipal Waste Sent To Landfill (Ktonnes),16.8,ktonnes
S12000041,Angus,Local Authority,2006/2007,Biodegradable Municipal Waste Sent To Landfill (Ktonnes),27.7,ktonnes
S12000041,Angus,Local Authority,2009/2010,Biodegradable Municipal Waste Sent To Landfill (Ktonnes),19,ktonnes
S12000038,Renfrewshire,Local Authority,2008/2009,Biodegradable Municipal Waste Sent To Landfill (Ktonnes),41.1,ktonnes
S12000038,Renfrewshire,Local Authority,2007/2008,Biodegradable Municipal Waste Sent To Landfill (Ktonnes),43.4,ktonnes
S12000041,Angus,Local Authority,2005/2006,Biodegradable Municipal Waste Sent To Landfill (Ktonnes),20.2,ktonnes
S12000038,Renfrewshire,Local Authority,2005/2006,Waste Arisings (Tonnes),102615,Tonnes
S12000038,Renfrewshire,Local Authority,2004/2005,Waste Arisings Per Capita (Kg),654,Kg Per Capita
S12000038,Renfrewshire,Local Authority,2009/2010,Waste Arisings (Tonnes),92298,Tonnes
S12000041,Angus,Local Authority,2008/2009,Biodegradable Municipal Waste Sent To Landfill (Ktonnes),20.6,ktonnes
S12000041,Angus,Local Authority,2007/2008,Biodegradable Municipal Waste Sent To Landfill (Ktonnes),20.8,ktonnes
S12000038,Renfrewshire,Local Authority,2006/2007,Waste Arisings (Tonnes),100498,Tonnes
S12000038,Renfrewshire,Local Authority,2009/2010,Waste Arisings Per Capita (Kg),543,Kg Per Capita
S12000038,Renfrewshire,Local Authority,2010/2011,Waste Arisings Per Capita (Kg),541,Kg Per Capita
S12000038,Renfrewshire,Local Authority,2004/2005,Waste Arisings (Tonnes),111501,Tonnes
S12000038,Renfrewshire,Local Authority,2007/2008,Waste Arisings (Tonnes),97805,Tonnes
S12000038,Renfrewshire,Local Authority,2010/2011,Waste Arisings (Tonnes),92123,Tonnes
S12000038,Renfrewshire,Local Authority,2008/2009,Waste Arisings (Tonnes),93023,Tonnes
S12000036,City of Edinburgh,Local Authority,2009/2010,Waste Arisings Per Capita (Kg),474,Kg Per Capita
S12000036,City of Edinburgh,Local Authority,2007/2008,Waste Arisings Per Capita (Kg),539,Kg Per Capita
S12000036,City of Edinburgh,Local Authority,2005/2006,Waste Arisings Per Capita (Kg),571,Kg Per Capita
S12000036,City of Edinburgh,Local Authority,2006/2007,Waste Arisings Per Capita (Kg),571,Kg Per Capita
S12000036,City of Edinburgh,Local Authority,2006/2007,Waste Arisings (Tonnes),264773,Tonnes
S12000036,City of Edinburgh,Local Authority,2008/2009,Waste Arisings Per Capita (Kg),514,Kg Per Capita
S12000041,Angus,Local Authority,2010/2011,Waste Arisings Per Capita (Kg),660,Kg Per Capita
S12000041,Angus,Local Authority,2011/2012,Waste Arisings Per Capita (Kg),680,Kg Per Capita
S12000041,Angus,Local Authority,2005/2006,Waste Arisings Per Capita (Kg),690,Kg Per Capita
S12000041,Angus,Local Authority,2007/2008,Waste Arisings Per Capita (Kg),712,Kg Per Capita
S12000036,City of Edinburgh,Local Authority,2004/2005,Waste Arisings Per Capita (Kg),585,Kg Per Capita
S12000041,Angus,Local Authority,2008/2009,Waste Arisings Per Capita (Kg),701,Kg Per Capita
S12000038,Renfrewshire,Local Authority,2006/2007,Biodegradable Municipal Waste Sent To Landfill (Ktonnes),46.3,ktonnes
S12000038,Renfrewshire,Local Authority,2005/2006,Biodegradable Municipal Waste Sent To Landfill (Ktonnes),50,ktonnes
S12000041,Angus,Local Authority,2004/2005,Waste Arisings Per Capita (Kg),713,Kg Per Capita
S12000038,Renfrewshire,Local Authority,2011/2012,Waste Arisings (Tonnes),90469,Tonnes
S12000041,Angus,Local Authority,2004/2005,Biodegradable Municipal Waste Sent To Landfill (Ktonnes),25.6,ktonnes
S12000041,Angus,Local Authority,2009/2010,Waste Arisings Per Capita (Kg),696,Kg Per Capita
S12000036,City of Edinburgh,Local Authority,2007/2008,Waste Arisings (Tonnes),252078,Tonnes
S12000036,City of Edinburgh,Local Authority,2011/2012,Waste Arisings Per Capita (Kg),451,Kg Per Capita
S12000036,City of Edinburgh,Local Authority,2005/2006,Waste Arisings (Tonnes),261493,Tonnes
S12000036,City of Edinburgh,Local Authority,2004/2005,Waste Arisings (Tonnes),266614,Tonnes
S12000038,Renfrewshire,Local Authority,2004/2005,Biodegradable Municipal Waste Sent To Landfill (Ktonnes),62.6,ktonnes
S12000036,City of Edinburgh,Local Authority,2010/2011,Waste Arisings Per Capita (Kg),456,Kg Per Capita
S12000030,Stirling,Local Authority,2009/2010,Waste Arisings Per Capita (Kg),580,Kg Per Capita
S12000030,Stirling,Local Authority,2006/2007,Waste Arisings Per Capita (Kg),650,Kg Per Capita
S12000030,Stirling,Local Authority,2007/2008,Waste Arisings Per Capita (Kg),622,Kg Per Capita
S12000030,Stirling,Local Authority,2010/2011,Waste Arisings Per Capita (Kg),579,Kg Per Capita
S12000030,Stirling,Local Authority,2004/2005,Waste Arisings Per Capita (Kg),698,Kg Per Capita
S12000030,Stirling,Local Authority,2005/2006,Waste Arisings Per Capita (Kg),691,Kg Per Capita
S12000030,Stirling,Local Authority,2011/2012,Waste Arisings (Tonnes),52973,Tonnes
S12000030,Stirling,Local Authority,2004/2005,Waste Arisings (Tonnes),60610,Tonnes
S12000030,Stirling,Local Authority,2011/2012,Waste Arisings Per Capita (Kg),584,Kg Per Capita
S12000030,Stirling,Local Authority,2006/2007,Biodegradable Municipal Waste Sent To Landfill (Ktonnes),22.1,ktonnes
S12000030,Stirling,Local Authority,2005/2006,Waste Arisings (Tonnes),59813,Tonnes
S12000030,Stirling,Local Authority,2008/2009,Waste Arisings Per Capita (Kg),606,Kg Per Capita
S12000030,Stirling,Local Authority,2006/2007,Waste Arisings (Tonnes),57086,Tonnes
S12000033,Aberdeen City,Local Authority,2006/2007,Waste Arisings Per Capita (Kg),683,Kg Per Capita
S12000033,Aberdeen City,Local Authority,2007/2008,Waste Arisings Per Capita (Kg),662,Kg Per Capita
S12000042,Dundee City,Local Authority,2010/2011,Waste Arisings (Tonnes),94944,Tonnes
S12000033,Aberdeen City,Local Authority,2005/2006,Waste Arisings Per Capita (Kg),658,Kg Per Capita
S12000033,Aberdeen City,Local Authority,2009/2010,Waste Arisings Per Capita (Kg),580,Kg Per Capita
S12000033,Aberdeen City,Local Authority,2004/2005,Waste Arisings Per Capita (Kg),648,Kg Per Capita
S12000030,Stirling,Local Authority,2007/2008,Waste Arisings (Tonnes),54858,Tonnes
S12000030,Stirling,Local Authority,2010/2011,Waste Arisings (Tonnes),52051,Tonnes
S12000030,Stirling,Local Authority,2008/2009,Waste Arisings (Tonnes),53506,Tonnes
S12000042,Dundee City,Local Authority,2011/2012,Waste Arisings (Tonnes),98268,Tonnes
S12000042,Dundee City,Local Authority,2009/2010,Waste Arisings (Tonnes),95904,Tonnes
S12000030,Stirling,Local Authority,2009/2010,Waste Arisings (Tonnes),51429,Tonnes
S12000029,South Lanarkshire,Local Authority,2009/2010,Waste Arisings (Tonnes),189864,Tonnes
S12000029,South Lanarkshire,Local Authority,2008/2009,Waste Arisings (Tonnes),194746,Tonnes
S12000029,South Lanarkshire,Local Authority,2006/2007,Waste Arisings Per Capita (Kg),676,Kg Per Capita
S12000029,South Lanarkshire,Local Authority,2010/2011,Waste Arisings (Tonnes),177021,Tonnes
S12000029,South Lanarkshire,Local Authority,2005/2006,Waste Arisings (Tonnes),202703,Tonnes
S12000029,South Lanarkshire,Local Authority,2011/2012,Waste Arisings (Tonnes),175836,Tonnes
S12000029,South Lanarkshire,Local Authority,2008/2009,Waste Arisings Per Capita (Kg),628,Kg Per Capita
S12000029,South Lanarkshire,Local Authority,2009/2010,Waste Arisings Per Capita (Kg),611,Kg Per Capita
S12000029,South Lanarkshire,Local Authority,2004/2005,Waste Arisings Per Capita (Kg),669,Kg Per Capita
S12000029,South Lanarkshire,Local Authority,2011/2012,Waste Arisings Per Capita (Kg),562,Kg Per Capita
S12000029,South Lanarkshire,Local Authority,2005/2006,Waste Arisings Per Capita (Kg),662,Kg Per Capita
S12000029,South Lanarkshire,Local Authority,2004/2005,Waste Arisings (Tonnes),204205,Tonnes
S12000030,Stirling,Local Authority,2007/2008,Biodegradable Municipal Waste Sent To Landfill (Ktonnes),19.8,ktonnes
S12000030,Stirling,Local Authority,2010/2011,Biodegradable Municipal Waste Sent To Landfill (Ktonnes),15.6,ktonnes
S12000030,Stirling,Local Authority,2008/2009,Biodegradable Municipal Waste Sent To Landfill (Ktonnes),18.3,ktonnes
S12000030,Stirling,Local Authority,2005/2006,Biodegradable Municipal Waste Sent To Landfill (Ktonnes),24.3,ktonnes
S12000030,Stirling,Local Authority,2004/2005,Biodegradable Municipal Waste Sent To Landfill (Ktonnes),24.6,ktonnes
S12000030,Stirling,Local Authority,2009/2010,Biodegradable Municipal Waste Sent To Landfill (Ktonnes),16.7,ktonnes
S12000029,South Lanarkshire,Local Authority,2007/2008,Waste Arisings (Tonnes),204490,Tonnes
S12000029,South Lanarkshire,Local Authority,2006/2007,Waste Arisings (Tonnes),207966,Tonnes
S12000029,South Lanarkshire,Local Authority,2007/2008,Waste Arisings Per Capita (Kg),661,Kg Per Capita
S12000042,Dundee City,Local Authority,2006/2007,Waste Arisings (Tonnes),92345,Tonnes
S12000042,Dundee City,Local Authority,2007/2008,Waste Arisings (Tonnes),95351,Tonnes
S12000042,Dundee City,Local Authority,2008/2009,Waste Arisings (Tonnes),93956,Tonnes
S12000034,Aberdeenshire,Local Authority,2006/2007,Biodegradable Municipal Waste Sent To Landfill (Ktonnes),69.2,ktonnes
S12000034,Aberdeenshire,Local Authority,2006/2007,Waste Arisings (Tonnes),143342,Tonnes
S12000034,Aberdeenshire,Local Authority,2005/2006,Biodegradable Municipal Waste Sent To Landfill (Ktonnes),81.1,ktonnes
S12000034,Aberdeenshire,Local Authority,2004/2005,Biodegradable Municipal Waste Sent To Landfill (Ktonnes),83.7,ktonnes
S12000034,Aberdeenshire,Local Authority,2004/2005,Waste Arisings (Tonnes),150666,Tonnes
S12000034,Aberdeenshire,Local Authority,2005/2006,Waste Arisings (Tonnes),155123,Tonnes
S12000034,Aberdeenshire,Local Authority,2007/2008,Waste Arisings (Tonnes),153731,Tonnes
S12000042,Dundee City,Local Authority,2006/2007,Biodegradable Municipal Waste Sent To Landfill (Ktonnes),13.1,ktonnes
S12000034,Aberdeenshire,Local Authority,2008/2009,Biodegradable Municipal Waste Sent To Landfill (Ktonnes),68.4,ktonnes
S12000033,Aberdeen City,Local Authority,2007/2008,Waste Arisings (Tonnes),138459,Tonnes
S12000034,Aberdeenshire,Local Authority,2010/2011,Biodegradable Municipal Waste Sent To Landfill (Ktonnes),68.8,ktonnes
S12000034,Aberdeenshire,Local Authority,2009/2010,Biodegradable Municipal Waste Sent To Landfill (Ktonnes),65.9,ktonnes
S12000034,Aberdeenshire,Local Authority,2007/2008,Biodegradable Municipal Waste Sent To Landfill (Ktonnes),70.3,ktonnes
S12000034,Aberdeenshire,Local Authority,2005/2006,Waste Arisings Per Capita (Kg),656,Kg Per Capita
S12000034,Aberdeenshire,Local Authority,2010/2011,Waste Arisings Per Capita (Kg),627,Kg Per Capita
S12000034,Aberdeenshire,Local Authority,2004/2005,Waste Arisings Per Capita (Kg),652,Kg Per Capita
S12000034,Aberdeenshire,Local Authority,2008/2009,Waste Arisings Per Capita (Kg),623,Kg Per Capita
S12000034,Aberdeenshire,Local Authority,2009/2010,Waste Arisings Per Capita (Kg),620,Kg Per Capita
S12000034,Aberdeenshire,Local Authority,2011/2012,Waste Arisings Per Capita (Kg),595,Kg Per Capita
S12000034,Aberdeenshire,Local Authority,2011/2012,Waste Arisings (Tonnes),147340,Tonnes
S12000034,Aberdeenshire,Local Authority,2008/2009,Waste Arisings (Tonnes),150372,Tonnes
S12000034,Aberdeenshire,Local Authority,2010/2011,Waste Arisings (Tonnes),154164,Tonnes
S12000034,Aberdeenshire,Local Authority,2006/2007,Waste Arisings Per Capita (Kg),607,Kg Per Capita
S12000034,Aberdeenshire,Local Authority,2007/2008,Waste Arisings Per Capita (Kg),643,Kg Per Capita
S12000034,Aberdeenshire,Local Authority,2009/2010,Waste Arisings (Tonnes),151010,Tonnes
S12000033,Aberdeen City,Local Authority,2010/2011,Biodegradable Municipal Waste Sent To Landfill (Ktonnes),49.3,ktonnes
S12000033,Aberdeen City,Local Authority,2008/2009,Biodegradable Municipal Waste Sent To Landfill (Ktonnes),63.3,ktonnes
S12000033,Aberdeen City,Local Authority,2009/2010,Biodegradable Municipal Waste Sent To Landfill (Ktonnes),55.7,ktonnes
S12000042,Dundee City,Local Authority,2007/2008,Waste Arisings Per Capita (Kg),671,Kg Per Capita
S12000042,Dundee City,Local Authority,2008/2009,Waste Arisings Per Capita (Kg),659,Kg Per Capita
S12000042,Dundee City,Local Authority,2009/2010,Waste Arisings Per Capita (Kg),669,Kg Per Capita
S12000033,Aberdeen City,Local Authority,2008/2009,Waste Arisings Per Capita (Kg),628,Kg Per Capita
S12000033,Aberdeen City,Local Authority,2004/2005,Biodegradable Municipal Waste Sent To Landfill (Ktonnes),74.9,ktonnes
S12000033,Aberdeen City,Local Authority,2010/2011,Waste Arisings Per Capita (Kg),544,Kg Per Capita
S12000033,Aberdeen City,Local Authority,2006/2007,Biodegradable Municipal Waste Sent To Landfill (Ktonnes),69.9,ktonnes
S12000033,Aberdeen City,Local Authority,2005/2006,Biodegradable Municipal Waste Sent To Landfill (Ktonnes),68.9,ktonnes
S12000033,Aberdeen City,Local Authority,2007/2008,Biodegradable Municipal Waste Sent To Landfill (Ktonnes),67.3,ktonnes
S12000033,Aberdeen City,Local Authority,2006/2007,Waste Arisings (Tonnes),141296,Tonnes
S12000033,Aberdeen City,Local Authority,2011/2012,Waste Arisings Per Capita (Kg),520,Kg Per Capita
S12000033,Aberdeen City,Local Authority,2005/2006,Waste Arisings (Tonnes),133675,Tonnes
S12000042,Dundee City,Local Authority,2010/2011,Waste Arisings Per Capita (Kg),658,Kg Per Capita
S12000042,Dundee City,Local Authority,2011/2012,Waste Arisings Per Capita (Kg),675,Kg Per Capita
S12000033,Aberdeen City,Local Authority,2004/2005,Waste Arisings (Tonnes),131339,Tonnes
S12000042,Dundee City,Local Authority,2005/2006,Waste Arisings (Tonnes),95416,Tonnes
S12000033,Aberdeen City,Local Authority,2009/2010,Waste Arisings (Tonnes),123966,Tonnes
S12000042,Dundee City,Local Authority,2004/2005,Waste Arisings (Tonnes),99324,Tonnes
S12000033,Aberdeen City,Local Authority,2011/2012,Waste Arisings (Tonnes),114619,Tonnes
S12000033,Aberdeen City,Local Authority,2010/2011,Waste Arisings (Tonnes),118049,Tonnes
S12000033,Aberdeen City,Local Authority,2008/2009,Waste Arisings (Tonnes),132078,Tonnes
S12000006,Dumfries and Galloway,Local Authority,2004/2005,Waste Arisings (Tonnes),108974,Tonnes
S12000006,Dumfries and Galloway,Local Authority,2008/2009,Waste Arisings Per Capita (Kg),637,Kg Per Capita
S12000006,Dumfries and Galloway,Local Authority,2011/2012,Waste Arisings Per Capita (Kg),638,Kg Per Capita
S12000006,Dumfries and Galloway,Local Authority,2010/2011,Waste Arisings Per Capita (Kg),640,Kg Per Capita
S12000006,Dumfries and Galloway,Local Authority,2008/2009,Waste Arisings (Tonnes),94697,Tonnes
S12000006,Dumfries and Galloway,Local Authority,2007/2008,Waste Arisings (Tonnes),100349,Tonnes
S12000006,Dumfries and Galloway,Local Authority,2009/2010,Waste Arisings Per Capita (Kg),630,Kg Per Capita
S12000006,Dumfries and Galloway,Local Authority,2006/2007,Biodegradable Municipal Waste Sent To Landfill (Ktonnes),45.5,ktonnes
S12000006,Dumfries and Galloway,Local Authority,2004/2005,Biodegradable Municipal Waste Sent To Landfill (Ktonnes),67.3,ktonnes
S12000006,Dumfries and Galloway,Local Authority,2005/2006,Biodegradable Municipal Waste Sent To Landfill (Ktonnes),58.3,ktonnes
S12000006,Dumfries and Galloway,Local Authority,2009/2010,Biodegradable Municipal Waste Sent To Landfill (Ktonnes),23,ktonnes
S12000006,Dumfries and Galloway,Local Authority,2007/2008,Biodegradable Municipal Waste Sent To Landfill (Ktonnes),37,ktonnes
S12000006,Dumfries and Galloway,Local Authority,2008/2009,Biodegradable Municipal Waste Sent To Landfill (Ktonnes),24.6,ktonnes
S12000006,Dumfries and Galloway,Local Authority,2007/2008,Waste Arisings Per Capita (Kg),677,Kg Per Capita
S12000006,Dumfries and Galloway,Local Authority,2004/2005,Waste Arisings Per Capita (Kg),754,Kg Per Capita
S12000006,Dumfries and Galloway,Local Authority,2006/2007,Waste Arisings Per Capita (Kg),690,Kg Per Capita
S12000008,East Ayrshire,Local Authority,2010/2011,Waste Arisings Per Capita (Kg),574,Kg Per Capita
S12000008,East Ayrshire,Local Authority,2011/2012,Waste Arisings Per Capita (Kg),618,Kg Per Capita
S12000006,Dumfries and Galloway,Local Authority,2005/2006,Waste Arisings Per Capita (Kg),690,Kg Per Capita
S12000006,Dumfries and Galloway,Local Authority,2005/2006,Waste Arisings (Tonnes),102379,Tonnes
S12000006,Dumfries and Galloway,Local Authority,2006/2007,Waste Arisings (Tonnes),102130,Tonnes
S12000006,Dumfries and Galloway,Local Authority,2009/2010,Waste Arisings (Tonnes),93594,Tonnes
S12000049,Glasgow City,Local Authority,2007/2008,Waste Arisings (Tonnes),363041,Tonnes
S12000006,Dumfries and Galloway,Local Authority,2010/2011,Waste Arisings (Tonnes),94864,Tonnes
S12000006,Dumfries and Galloway,Local Authority,2011/2012,Waste Arisings (Tonnes),94477,Tonnes
S12000005,Clackmannanshire,Local Authority,2005/2006,Waste Arisings Per Capita (Kg),758,Kg Per Capita
S12000005,Clackmannanshire,Local Authority,2004/2005,Waste Arisings Per Capita (Kg),716,Kg Per Capita
S12000005,Clackmannanshire,Local Authority,2010/2011,Waste Arisings Per Capita (Kg),620,Kg Per Capita
S12000005,Clackmannanshire,Local Authority,2006/2007,Waste Arisings Per Capita (Kg),777,Kg Per Capita
S12000005,Clackmannanshire,Local Authority,2008/2009,Waste Arisings (Tonnes),33533,Tonnes
S12000005,Clackmannanshire,Local Authority,2007/2008,Waste Arisings Per Capita (Kg),713,Kg Per Capita
S12000005,Clackmannanshire,Local Authority,2006/2007,Biodegradable Municipal Waste Sent To Landfill (Ktonnes),15.8,ktonnes
S12000005,Clackmannanshire,Local Authority,2005/2006,Biodegradable Municipal Waste Sent To Landfill (Ktonnes),16,ktonnes
S12000049,Glasgow City,Local Authority,2009/2010,Waste Arisings (Tonnes),326987,Tonnes
S12000005,Clackmannanshire,Local Authority,2008/2009,Waste Arisings Per Capita (Kg),664,Kg Per Capita
S12000005,Clackmannanshire,Local Authority,2011/2012,Waste Arisings Per Capita (Kg),611,Kg Per Capita
S12000005,Clackmannanshire,Local Authority,2009/2010,Waste Arisings Per Capita (Kg),629,Kg Per Capita
S12000049,Glasgow City,Local Authority,2010/2011,Waste Arisings (Tonnes),334906,Tonnes
S12000006,Dumfries and Galloway,Local Authority,2010/2011,Biodegradable Municipal Waste Sent To Landfill (Ktonnes),20.8,ktonnes
S12000049,Glasgow City,Local Authority,2011/2012,Waste Arisings (Tonnes),304254,Tonnes
S12000049,Glasgow City,Local Authority,2005/2006,Waste Arisings (Tonnes),397880,Tonnes
S12000049,Glasgow City,Local Authority,2008/2009,Waste Arisings (Tonnes),347262,Tonnes
S12000049,Glasgow City,Local Authority,2006/2007,Waste Arisings (Tonnes),369025,Tonnes
S12000005,Clackmannanshire,Local Authority,2010/2011,Waste Arisings (Tonnes),31367,Tonnes
S12000005,Clackmannanshire,Local Authority,2009/2010,Waste Arisings (Tonnes),31767,Tonnes
S12000005,Clackmannanshire,Local Authority,2007/2008,Waste Arisings (Tonnes),35578,Tonnes
S12000005,Clackmannanshire,Local Authority,2004/2005,Waste Arisings (Tonnes),34980,Tonnes
S12000005,Clackmannanshire,Local Authority,2006/2007,Waste Arisings (Tonnes),38004,Tonnes
S12000005,Clackmannanshire,Local Authority,2005/2006,Waste Arisings (Tonnes),36990,Tonnes
S12000049,Glasgow City,Local Authority,2010/2011,Biodegradable Municipal Waste Sent To Landfill (Ktonnes),153.8,ktonnes
S12000049,Glasgow City,Local Authority,2005/2006,Biodegradable Municipal Waste Sent To Landfill (Ktonnes),185,ktonnes
S12000010,East Lothian,Local Authority,2004/2005,Waste Arisings (Tonnes),64819,Tonnes
S12000049,Glasgow City,Local Authority,2004/2005,Waste Arisings Per Capita (Kg),613,Kg Per Capita
S12000049,Glasgow City,Local Authority,2007/2008,Biodegradable Municipal Waste Sent To Landfill (Ktonnes),180.4,ktonnes
S12000049,Glasgow City,Local Authority,2006/2007,Biodegradable Municipal Waste Sent To Landfill (Ktonnes),187.3,ktonnes
S12000049,Glasgow City,Local Authority,2004/2005,Biodegradable Municipal Waste Sent To Landfill (Ktonnes),198.1,ktonnes
S12000010,East Lothian,Local Authority,2006/2007,Waste Arisings (Tonnes),67689,Tonnes
S12000010,East Lothian,Local Authority,2010/2011,Waste Arisings Per Capita (Kg),636,Kg Per Capita
S12000010,East Lothian,Local Authority,2008/2009,Waste Arisings (Tonnes),68182,Tonnes
S12000010,East Lothian,Local Authority,2009/2010,Waste Arisings Per Capita (Kg),681,Kg Per Capita
S12000010,East Lothian,Local Authority,2005/2006,Waste Arisings (Tonnes),64331,Tonnes
S12000010,East Lothian,Local Authority,2011/2012,Waste Arisings Per Capita (Kg),638,Kg Per Capita
S12000010,East Lothian,Local Authority,2010/2011,Biodegradable Municipal Waste Sent To Landfill (Ktonnes),21,ktonnes
S12000010,East Lothian,Local Authority,2007/2008,Biodegradable Municipal Waste Sent To Landfill (Ktonnes),28.3,ktonnes
S12000010,East Lothian,Local Authority,2005/2006,Biodegradable Municipal Waste Sent To Landfill (Ktonnes),29.2,ktonnes
S12000010,East Lothian,Local Authority,2006/2007,Biodegradable Municipal Waste Sent To Landfill (Ktonnes),28.7,ktonnes
S12000010,East Lothian,Local Authority,2007/2008,Waste Arisings Per Capita (Kg),741,Kg Per Capita
S12000010,East Lothian,Local Authority,2008/2009,Biodegradable Municipal Waste Sent To Landfill (Ktonnes),26.2,ktonnes
S12000010,East Lothian,Local Authority,2011/2012,Waste Arisings (Tonnes),62617,Tonnes
S12000010,East Lothian,Local Authority,2009/2010,Waste Arisings (Tonnes),65953,Tonnes
S12000010,East Lothian,Local Authority,2010/2011,Waste Arisings (Tonnes),61986,Tonnes
S12000049,Glasgow City,Local Authority,2009/2010,Waste Arisings Per Capita (Kg),556,Kg Per Capita
S12000010,East Lothian,Local Authority,2004/2005,Biodegradable Municipal Waste Sent To Landfill (Ktonnes),32.3,ktonnes
S12000049,Glasgow City,Local Authority,2010/2011,Waste Arisings Per Capita (Kg),565,Kg Per Capita
S12000008,East Ayrshire,Local Authority,2007/2008,Waste Arisings Per Capita (Kg),617,Kg Per Capita
S12000008,East Ayrshire,Local Authority,2011/2012,Waste Arisings (Tonnes),74296,Tonnes
S12000008,East Ayrshire,Local Authority,2008/2009,Waste Arisings Per Capita (Kg),600,Kg Per Capita
S12000049,Glasgow City,Local Authority,2009/2010,Biodegradable Municipal Waste Sent To Landfill (Ktonnes),153.1,ktonnes
S12000049,Glasgow City,Local Authority,2008/2009,Biodegradable Municipal Waste Sent To Landfill (Ktonnes),166.4,ktonnes
S12000008,East Ayrshire,Local Authority,2010/2011,Waste Arisings (Tonnes),69069,Tonnes
S12000008,East Ayrshire,Local Authority,2005/2006,Waste Arisings (Tonnes),71776,Tonnes
S12000008,East Ayrshire,Local Authority,2004/2005,Waste Arisings (Tonnes),80742,Tonnes
S12000008,East Ayrshire,Local Authority,2009/2010,Waste Arisings Per Capita (Kg),598,Kg Per Capita
S12000008,East Ayrshire,Local Authority,2006/2007,Waste Arisings Per Capita (Kg),620,Kg Per Capita
S12000008,East Ayrshire,Local Authority,2004/2005,Waste Arisings Per Capita (Kg),675,Kg Per Capita
S12000008,East Ayrshire,Local Authority,2005/2006,Waste Arisings Per Capita (Kg),698,Kg Per Capita
S12000008,East Ayrshire,Local Authority,2005/2006,Biodegradable Municipal Waste Sent To Landfill (Ktonnes),36.1,ktonnes
S12000008,East Ayrshire,Local Authority,2008/2009,Biodegradable Municipal Waste Sent To Landfill (Ktonnes),26,ktonnes
S12000008,East Ayrshire,Local Authority,2006/2007,Biodegradable Municipal Waste Sent To Landfill (Ktonnes),29.9,ktonnes
S12000008,East Ayrshire,Local Authority,2009/2010,Biodegradable Municipal Waste Sent To Landfill (Ktonnes),25.6,ktonnes
S12000010,East Lothian,Local Authority,2007/2008,Waste Arisings (Tonnes),69978,Tonnes
S12000008,East Ayrshire,Local Authority,2007/2008,Biodegradable Municipal Waste Sent To Landfill (Ktonnes),26.6,ktonnes
S12000008,East Ayrshire,Local Authority,2006/2007,Waste Arisings (Tonnes),73976,Tonnes
S12000008,East Ayrshire,Local Authority,2009/2010,Waste Arisings (Tonnes),71905,Tonnes
S12000008,East Ayrshire,Local Authority,2007/2008,Waste Arisings (Tonnes),73808,Tonnes
S12000008,East Ayrshire,Local Authority,2004/2005,Biodegradable Municipal Waste Sent To Landfill (Ktonnes),43,ktonnes
S12000008,East Ayrshire,Local Authority,2010/2011,Biodegradable Municipal Waste Sent To Landfill (Ktonnes),24.2,ktonnes
S12000008,East Ayrshire,Local Authority,2008/2009,Waste Arisings (Tonnes),71931,Tonnes
S12000040,West Lothian,Local Authority,2010/2011,Waste Arisings (Tonnes),109783,Tonnes
S12000040,West Lothian,Local Authority,2004/2005,Waste Arisings (Tonnes),109265,Tonnes
S12000040,West Lothian,Local Authority,2008/2009,Waste Arisings (Tonnes),110520,Tonnes
S12000040,West Lothian,Local Authority,2009/2010,Waste Arisings (Tonnes),108936,Tonnes
S12000040,West Lothian,Local Authority,2011/2012,Waste Arisings Per Capita (Kg),648,Kg Per Capita
S12000040,West Lothian,Local Authority,2007/2008,Waste Arisings (Tonnes),109635,Tonnes
S12000040,West Lothian,Local Authority,2005/2006,Waste Arisings (Tonnes),111374,Tonnes
S12000039,West Dunbartonshire,Local Authority,2007/2008,Waste Arisings Per Capita (Kg),659,Kg Per Capita
S12000039,West Dunbartonshire,Local Authority,2004/2005,Biodegradable Municipal Waste Sent To Landfill (Ktonnes),37.6,ktonnes
S12000039,West Dunbartonshire,Local Authority,2010/2011,Biodegradable Municipal Waste Sent To Landfill (Ktonnes),18.2,ktonnes
S12000039,West Dunbartonshire,Local Authority,2006/2007,Biodegradable Municipal Waste Sent To Landfill (Ktonnes),27.1,ktonnes
S12000039,West Dunbartonshire,Local Authority,2005/2006,Biodegradable Municipal Waste Sent To Landfill (Ktonnes),30.9,ktonnes
S12000039,West Dunbartonshire,Local Authority,2006/2007,Waste Arisings Per Capita (Kg),666,Kg Per Capita
S12000040,West Lothian,Local Authority,2009/2010,Biodegradable Municipal Waste Sent To Landfill (Ktonnes),33.9,ktonnes
S12000040,West Lothian,Local Authority,2010/2011,Biodegradable Municipal Waste Sent To Landfill (Ktonnes),35,ktonnes
S12000040,West Lothian,Local Authority,2005/2006,Biodegradable Municipal Waste Sent To Landfill (Ktonnes),45.8,ktonnes
S12000040,West Lothian,Local Authority,2008/2009,Waste Arisings Per Capita (Kg),652,Kg Per Capita
S12000040,West Lothian,Local Authority,2007/2008,Waste Arisings Per Capita (Kg),653,Kg Per Capita
S12000040,West Lothian,Local Authority,2008/2009,Biodegradable Municipal Waste Sent To Landfill (Ktonnes),35.2,ktonnes
S12000040,West Lothian,Local Authority,2011/2012,Waste Arisings (Tonnes),112110,Tonnes
S12000050,North Lanarkshire,Local Authority,2009/2010,Biodegradable Municipal Waste Sent To Landfill (Ktonnes),71.6,ktonnes
S12000040,West Lothian,Local Authority,2006/2007,Waste Arisings (Tonnes),112912,Tonnes
S12000040,West Lothian,Local Authority,2007/2008,Biodegradable Municipal Waste Sent To Landfill (Ktonnes),40.6,ktonnes
S12000040,West Lothian,Local Authority,2004/2005,Biodegradable Municipal Waste Sent To Landfill (Ktonnes),54.1,ktonnes
S12000040,West Lothian,Local Authority,2006/2007,Biodegradable Municipal Waste Sent To Landfill (Ktonnes),45.3,ktonnes
S12000039,West Dunbartonshire,Local Authority,2008/2009,Waste Arisings Per Capita (Kg),584,Kg Per Capita
S12000039,West Dunbartonshire,Local Authority,2004/2005,Waste Arisings (Tonnes),64114,Tonnes
S12000039,West Dunbartonshire,Local Authority,2010/2011,Waste Arisings Per Capita (Kg),529,Kg Per Capita
S12000050,North Lanarkshire,Local Authority,2009/2010,Waste Arisings (Tonnes),222396,Tonnes
S12000050,North Lanarkshire,Local Authority,2011/2012,Waste Arisings (Tonnes),178296,Tonnes
S12000039,West Dunbartonshire,Local Authority,2011/2012,Waste Arisings Per Capita (Kg),499,Kg Per Capita
S12000039,West Dunbartonshire,Local Authority,2007/2008,Waste Arisings (Tonnes),59995,Tonnes
S12000039,West Dunbartonshire,Local Authority,2005/2006,Waste Arisings (Tonnes),61220,Tonnes
S12000039,West Dunbartonshire,Local Authority,2006/2007,Waste Arisings (Tonnes),60742,Tonnes
S12000039,West Dunbartonshire,Local Authority,2008/2009,Waste Arisings (Tonnes),53143,Tonnes
S12000039,West Dunbartonshire,Local Authority,2009/2010,Waste Arisings Per Capita (Kg),534,Kg Per Capita
S12000039,West Dunbartonshire,Local Authority,2009/2010,Waste Arisings (Tonnes),48550,Tonnes
S12000039,West Dunbartonshire,Local Authority,2008/2009,Biodegradable Municipal Waste Sent To Landfill (Ktonnes),22.6,ktonnes
S12000039,West Dunbartonshire,Local Authority,2009/2010,Biodegradable Municipal Waste Sent To Landfill (Ktonnes),20.8,ktonnes
S12000050,North Lanarkshire,Local Authority,2007/2008,Waste Arisings (Tonnes),238209,Tonnes
S12000039,West Dunbartonshire,Local Authority,2004/2005,Waste Arisings Per Capita (Kg),697,Kg Per Capita
S12000039,West Dunbartonshire,Local Authority,2005/2006,Waste Arisings Per Capita (Kg),670,Kg Per Capita
S12000039,West Dunbartonshire,Local Authority,2007/2008,Biodegradable Municipal Waste Sent To Landfill (Ktonnes),25.9,ktonnes
S12000050,North Lanarkshire,Local Authority,2006/2007,Waste Arisings (Tonnes),228455,Tonnes
S12000050,North Lanarkshire,Local Authority,2005/2006,Waste Arisings (Tonnes),231898,Tonnes
S12000050,North Lanarkshire,Local Authority,2010/2011,Waste Arisings (Tonnes),207166,Tonnes
S12000050,North Lanarkshire,Local Authority,2008/2009,Waste Arisings (Tonnes),224699,Tonnes
S12000039,West Dunbartonshire,Local Authority,2010/2011,Waste Arisings (Tonnes),47927,Tonnes
S12000039,West Dunbartonshire,Local Authority,2011/2012,Waste Arisings (Tonnes),45106,Tonnes
S12000050,North Lanarkshire,Local Authority,2009/2010,Waste Arisings Per Capita (Kg),682,Kg Per Capita
S12000005,Clackmannanshire,Local Authority,2008/2009,Biodegradable Municipal Waste Sent To Landfill (Ktonnes),13.1,ktonnes
S12000005,Clackmannanshire,Local Authority,2007/2008,Biodegradable Municipal Waste Sent To Landfill (Ktonnes),14.2,ktonnes
S12000050,North Lanarkshire,Local Authority,2007/2008,Waste Arisings Per Capita (Kg),734,Kg Per Capita
S12000005,Clackmannanshire,Local Authority,2009/2010,Biodegradable Municipal Waste Sent To Landfill (Ktonnes),11.4,ktonnes
S12000005,Clackmannanshire,Local Authority,2004/2005,Biodegradable Municipal Waste Sent To Landfill (Ktonnes),14.2,ktonnes
S12000005,Clackmannanshire,Local Authority,2010/2011,Biodegradable Municipal Waste Sent To Landfill (Ktonnes),10.3,ktonnes
S12000050,North Lanarkshire,Local Authority,2011/2012,Waste Arisings Per Capita (Kg),546,Kg Per Capita
S12000050,North Lanarkshire,Local Authority,2006/2007,Waste Arisings Per Capita (Kg),706,Kg Per Capita
S12000050,North Lanarkshire,Local Authority,2004/2005,Waste Arisings (Tonnes),216680,Tonnes
S12000005,Clackmannanshire,Local Authority,2011/2012,Waste Arisings (Tonnes),30999,Tonnes
S12000050,North Lanarkshire,Local Authority,2008/2009,Waste Arisings Per Capita (Kg),690,Kg Per Capita
S12000050,North Lanarkshire,Local Authority,2005/2006,Waste Arisings Per Capita (Kg),716,Kg Per Capita
S12000050,North Lanarkshire,Local Authority,2004/2005,Waste Arisings Per Capita (Kg),636,Kg Per Capita
S12000050,North Lanarkshire,Local Authority,2010/2011,Biodegradable Municipal Waste Sent To Landfill (Ktonnes),66.6,ktonnes
S12000040,West Lothian,Local Authority,2009/2010,Waste Arisings Per Capita (Kg),637,Kg Per Capita
S12000040,West Lothian,Local Authority,2005/2006,Waste Arisings Per Capita (Kg),677,Kg Per Capita
S12000040,West Lothian,Local Authority,2010/2011,Waste Arisings Per Capita (Kg),638,Kg Per Capita
S12000040,West Lothian,Local Authority,2006/2007,Waste Arisings Per Capita (Kg),681,Kg Per Capita
S12000050,North Lanarkshire,Local Authority,2008/2009,Biodegradable Municipal Waste Sent To Landfill (Ktonnes),79.3,ktonnes
S12000040,West Lothian,Local Authority,2004/2005,Waste Arisings Per Capita (Kg),673,Kg Per Capita
S12000050,North Lanarkshire,Local Authority,2010/2011,Waste Arisings Per Capita (Kg),635,Kg Per Capita
S12000050,North Lanarkshire,Local Authority,2004/2005,Biodegradable Municipal Waste Sent To Landfill (Ktonnes),101.2,ktonnes
S12000050,North Lanarkshire,Local Authority,2005/2006,Biodegradable Municipal Waste Sent To Landfill (Ktonnes),100.7,ktonnes
S12000050,North Lanarkshire,Local Authority,2007/2008,Biodegradable Municipal Waste Sent To Landfill (Ktonnes),99,ktonnes
S12000050,North Lanarkshire,Local Authority,2006/2007,Biodegradable Municipal Waste Sent To Landfill (Ktonnes),99.1,ktonnes
S12000017,Highland,Local Authority,2006/2007,Waste Arisings Per Capita (Kg),761,Kg Per Capita
S12000017,Highland,Local Authority,2006/2007,Waste Arisings (Tonnes),163744,Tonnes
S12000017,Highland,Local Authority,2004/2005,Waste Arisings Per Capita (Kg),749,Kg Per Capita
S12000017,Highland,Local Authority,2007/2008,Waste Arisings (Tonnes),164315,Tonnes
S12000017,Highland,Local Authority,2011/2012,Waste Arisings Per Capita (Kg),673,Kg Per Capita
S12000017,Highland,Local Authority,2005/2006,Waste Arisings (Tonnes),161082,Tonnes
S12000048,Perth and Kinross,Local Authority,2004/2005,Waste Arisings (Tonnes),99030,Tonnes
S12000017,Highland,Local Authority,2008/2009,Waste Arisings Per Capita (Kg),734,Kg Per Capita
S12000048,Perth and Kinross,Local Authority,2007/2008,Waste Arisings (Tonnes),105910,Tonnes
S12000017,Highland,Local Authority,2009/2010,Waste Arisings Per Capita (Kg),719,Kg Per Capita
S12000017,Highland,Local Authority,2005/2006,Waste Arisings Per Capita (Kg),754,Kg Per Capita
S12000017,Highland,Local Authority,2007/2008,Waste Arisings Per Capita (Kg),756,Kg Per Capita
S12000017,Highland,Local Authority,2004/2005,Biodegradable Municipal Waste Sent To Landfill (Ktonnes),92.9,ktonnes
S12000017,Highland,Local Authority,2006/2007,Biodegradable Municipal Waste Sent To Landfill (Ktonnes),77.4,ktonnes
S12000017,Highland,Local Authority,2005/2006,Biodegradable Municipal Waste Sent To Landfill (Ktonnes),82,ktonnes
S12000018,Inverclyde,Local Authority,2008/2009,Waste Arisings Per Capita (Kg),611,Kg Per Capita
S12000018,Inverclyde,Local Authority,2005/2006,Waste Arisings Per Capita (Kg),633,Kg Per Capita
S12000018,Inverclyde,Local Authority,2007/2008,Waste Arisings Per Capita (Kg),640,Kg Per Capita
S12000017,Highland,Local Authority,2004/2005,Waste Arisings (Tonnes),158338,Tonnes
S12000017,Highland,Local Authority,2008/2009,Biodegradable Municipal Waste Sent To Landfill (Ktonnes),67.7,ktonnes
S12000017,Highland,Local Authority,2010/2011,Waste Arisings Per Capita (Kg),700,Kg Per Capita
S12000017,Highland,Local Authority,2010/2011,Biodegradable Municipal Waste Sent To Landfill (Ktonnes),63.8,ktonnes
S12000017,Highland,Local Authority,2009/2010,Biodegradable Municipal Waste Sent To Landfill (Ktonnes),64.3,ktonnes
S12000017,Highland,Local Authority,2007/2008,Biodegradable Municipal Waste Sent To Landfill (Ktonnes),70.3,ktonnes
S12000014,Falkirk,Local Authority,2010/2011,Biodegradable Municipal Waste Sent To Landfill (Ktonnes),27.3,ktonnes
S12000014,Falkirk,Local Authority,2005/2006,Biodegradable Municipal Waste Sent To Landfill (Ktonnes),51.6,ktonnes
S12000014,Falkirk,Local Authority,2004/2005,Waste Arisings Per Capita (Kg),761,Kg Per Capita
S12000014,Falkirk,Local Authority,2007/2008,Biodegradable Municipal Waste Sent To Landfill (Ktonnes),36.3,ktonnes
S12000014,Falkirk,Local Authority,2006/2007,Biodegradable Municipal Waste Sent To Landfill (Ktonnes),45.2,ktonnes
S12000014,Falkirk,Local Authority,2004/2005,Biodegradable Municipal Waste Sent To Landfill (Ktonnes),56.4,ktonnes
S12000048,Perth and Kinross,Local Authority,2004/2005,Waste Arisings Per Capita (Kg),730,Kg Per Capita
S12000048,Perth and Kinross,Local Authority,2008/2009,Biodegradable Municipal Waste Sent To Landfill (Ktonnes),35.4,ktonnes
S12000048,Perth and Kinross,Local Authority,2010/2011,Biodegradable Municipal Waste Sent To Landfill (Ktonnes),27.5,ktonnes
S12000014,Falkirk,Local Authority,2009/2010,Biodegradable Municipal Waste Sent To Landfill (Ktonnes),29.9,ktonnes
S12000014,Falkirk,Local Authority,2008/2009,Biodegradable Municipal Waste Sent To Landfill (Ktonnes),31.8,ktonnes
S12000048,Perth and Kinross,Local Authority,2009/2010,Biodegradable Municipal Waste Sent To Landfill (Ktonnes),30.6,ktonnes
S12000017,Highland,Local Authority,2011/2012,Waste Arisings (Tonnes),149574,Tonnes
S12000017,Highland,Local Authority,2009/2010,Waste Arisings (Tonnes),158451,Tonnes
S12000014,Falkirk,Local Authority,2007/2008,Waste Arisings Per Capita (Kg),679,Kg Per Capita
S12000017,Highland,Local Authority,2010/2011,Waste Arisings (Tonnes),155213,Tonnes
S12000048,Perth and Kinross,Local Authority,2006/2007,Waste Arisings (Tonnes),107424,Tonnes
S12000017,Highland,Local Authority,2008/2009,Waste Arisings (Tonnes),161146,Tonnes
S12000014,Falkirk,Local Authority,2008/2009,Waste Arisings Per Capita (Kg),633,Kg Per Capita
S12000014,Falkirk,Local Authority,2011/2012,Waste Arisings Per Capita (Kg),585,Kg Per Capita
S12000014,Falkirk,Local Authority,2009/2010,Waste Arisings Per Capita (Kg),597,Kg Per Capita
S12000014,Falkirk,Local Authority,2006/2007,Waste Arisings Per Capita (Kg),761,Kg Per Capita
S12000014,Falkirk,Local Authority,2005/2006,Waste Arisings Per Capita (Kg),772,Kg Per Capita
S12000014,Falkirk,Local Authority,2010/2011,Waste Arisings Per Capita (Kg),588,Kg Per Capita
S12000019,Midlothian,Local Authority,2010/2011,Waste Arisings (Tonnes),46621,Tonnes
S12000019,Midlothian,Local Authority,2007/2008,Waste Arisings Per Capita (Kg),657,Kg Per Capita
S12000019,Midlothian,Local Authority,2008/2009,Waste Arisings Per Capita (Kg),637,Kg Per Capita
S12000019,Midlothian,Local Authority,2004/2005,Waste Arisings (Tonnes),54745,Tonnes
S12000019,Midlothian,Local Authority,2008/2009,Waste Arisings (Tonnes),51284,Tonnes
S12000019,Midlothian,Local Authority,2007/2008,Waste Arisings (Tonnes),52271,Tonnes
S12000018,Inverclyde,Local Authority,2006/2007,Waste Arisings (Tonnes),53330,Tonnes
S12000018,Inverclyde,Local Authority,2010/2011,Waste Arisings (Tonnes),46422,Tonnes
S12000018,Inverclyde,Local Authority,2005/2006,Waste Arisings (Tonnes),51988,Tonnes
S12000018,Inverclyde,Local Authority,2009/2010,Waste Arisings (Tonnes),46820,Tonnes
S12000019,Midlothian,Local Authority,2009/2010,Waste Arisings (Tonnes),48242,Tonnes
S12000018,Inverclyde,Local Authority,2011/2012,Waste Arisings (Tonnes),44915,Tonnes
S12000019,Midlothian,Local Authority,2006/2007,Waste Arisings (Tonnes),53917,Tonnes
S12000047,Fife,Local Authority,2006/2007,Biodegradable Municipal Waste Sent To Landfill (Ktonnes),108.6,ktonnes
S12000047,Fife,Local Authority,2009/2010,Waste Arisings Per Capita (Kg),678,Kg Per Capita
S12000019,Midlothian,Local Authority,2008/2009,Biodegradable Municipal Waste Sent To Landfill (Ktonnes),18.4,ktonnes
S12000019,Midlothian,Local Authority,2005/2006,Biodegradable Municipal Waste Sent To Landfill (Ktonnes),25.2,ktonnes
S12000019,Midlothian,Local Authority,2007/2008,Biodegradable Municipal Waste Sent To Landfill (Ktonnes),19.2,ktonnes
S12000019,Midlothian,Local Authority,2010/2011,Waste Arisings Per Capita (Kg),575,Kg Per Capita
S12000047,Fife,Local Authority,2010/2011,Waste Arisings Per Capita (Kg),696,Kg Per Capita
S12000019,Midlothian,Local Authority,2009/2010,Waste Arisings Per Capita (Kg),597,Kg Per Capita
S12000047,Fife,Local Authority,2008/2009,Waste Arisings Per Capita (Kg),685,Kg Per Capita
S12000019,Midlothian,Local Authority,2011/2012,Waste Arisings Per Capita (Kg),592,Kg Per Capita
S12000047,Fife,Local Authority,2011/2012,Waste Arisings Per Capita (Kg),694,Kg Per Capita
S12000018,Inverclyde,Local Authority,2010/2011,Biodegradable Municipal Waste Sent To Landfill (Ktonnes),19.3,ktonnes
S12000018,Inverclyde,Local Authority,2009/2010,Biodegradable Municipal Waste Sent To Landfill (Ktonnes),19.8,ktonnes
S12000018,Inverclyde,Local Authority,2007/2008,Biodegradable Municipal Waste Sent To Landfill (Ktonnes),25.1,ktonnes
S12000018,Inverclyde,Local Authority,2004/2005,Waste Arisings Per Capita (Kg),592,Kg Per Capita
S12000018,Inverclyde,Local Authority,2006/2007,Biodegradable Municipal Waste Sent To Landfill (Ktonnes),26.2,ktonnes
S12000018,Inverclyde,Local Authority,2004/2005,Biodegradable Municipal Waste Sent To Landfill (Ktonnes),28.7,ktonnes
S12000018,Inverclyde,Local Authority,2011/2012,Waste Arisings Per Capita (Kg),567,Kg Per Capita
S12000018,Inverclyde,Local Authority,2004/2005,Waste Arisings (Tonnes),50748,Tonnes
S12000018,Inverclyde,Local Authority,2006/2007,Waste Arisings Per Capita (Kg),654,Kg Per Capita
S12000018,Inverclyde,Local Authority,2010/2011,Waste Arisings Per Capita (Kg),582,Kg Per Capita
S12000018,Inverclyde,Local Authority,2008/2009,Biodegradable Municipal Waste Sent To Landfill (Ktonnes),24.3,ktonnes
S12000018,Inverclyde,Local Authority,2009/2010,Waste Arisings Per Capita (Kg),584,Kg Per Capita
S12000047,Fife,Local Authority,2007/2008,Waste Arisings Per Capita (Kg),699,Kg Per Capita
S12000047,Fife,Local Authority,2005/2006,Waste Arisings Per Capita (Kg),691,Kg Per Capita
S12000048,Perth and Kinross,Local Authority,2009/2010,Waste Arisings (Tonnes),95201,Tonnes
S12000018,Inverclyde,Local Authority,2007/2008,Waste Arisings (Tonnes),51871,Tonnes
S12000018,Inverclyde,Local Authority,2008/2009,Waste Arisings (Tonnes),49348,Tonnes
S12000047,Fife,Local Authority,2006/2007,Waste Arisings Per Capita (Kg),708,Kg Per Capita
S12000048,Perth and Kinross,Local Authority,2005/2006,Waste Arisings (Tonnes),103048,Tonnes
S12000048,Perth and Kinross,Local Authority,2010/2011,Waste Arisings (Tonnes),92808,Tonnes
S12000018,Inverclyde,Local Authority,2005/2006,Biodegradable Municipal Waste Sent To Landfill (Ktonnes),25.7,ktonnes
S12000048,Perth and Kinross,Local Authority,2008/2009,Waste Arisings (Tonnes),98374,Tonnes
S12000048,Perth and Kinross,Local Authority,2011/2012,Waste Arisings (Tonnes),94233,Tonnes
S12000011,East Renfrewshire,Local Authority,2008/2009,Waste Arisings (Tonnes),53247,Tonnes
S12000011,East Renfrewshire,Local Authority,2004/2005,Waste Arisings (Tonnes),58516,Tonnes
S12000011,East Renfrewshire,Local Authority,2007/2008,Waste Arisings (Tonnes),55883,Tonnes
S12000011,East Renfrewshire,Local Authority,2006/2007,Waste Arisings (Tonnes),57001,Tonnes
S12000048,Perth and Kinross,Local Authority,2006/2007,Waste Arisings Per Capita (Kg),766,Kg Per Capita
S12000013,Na h-Eileanan Siar,Local Authority,2011/2012,Waste Arisings (Tonnes),21439,Tonnes
S12000011,East Renfrewshire,Local Authority,2005/2006,Waste Arisings (Tonnes),58117,Tonnes
S12000011,East Renfrewshire,Local Authority,2009/2010,Waste Arisings Per Capita (Kg),566,Kg Per Capita
S12000011,East Renfrewshire,Local Authority,2011/2012,Waste Arisings Per Capita (Kg),546,Kg Per Capita
S12000011,East Renfrewshire,Local Authority,2010/2011,Waste Arisings Per Capita (Kg),525,Kg Per Capita
S12000011,East Renfrewshire,Local Authority,2006/2007,Waste Arisings Per Capita (Kg),638,Kg Per Capita
S12000011,East Renfrewshire,Local Authority,2008/2009,Waste Arisings Per Capita (Kg),597,Kg Per Capita
S12000011,East Renfrewshire,Local Authority,2007/2008,Waste Arisings Per Capita (Kg),626,Kg Per Capita
S12000048,Perth and Kinross,Local Authority,2006/2007,Biodegradable Municipal Waste Sent To Landfill (Ktonnes),44.6,ktonnes
S12000048,Perth and Kinross,Local Authority,2007/2008,Biodegradable Municipal Waste Sent To Landfill (Ktonnes),43.2,ktonnes
S12000048,Perth and Kinross,Local Authority,2009/2010,Waste Arisings Per Capita (Kg),652,Kg Per Capita
S12000013,Na h-Eileanan Siar,Local Authority,2008/2009,Waste Arisings Per Capita (Kg),903,Kg Per Capita
S12000013,Na h-Eileanan Siar,Local Authority,2007/2008,Waste Arisings Per Capita (Kg),736,Kg Per Capita
S12000048,Perth and Kinross,Local Authority,2004/2005,Biodegradable Municipal Waste Sent To Landfill (Ktonnes),48.1,ktonnes
S12000013,Na h-Eileanan Siar,Local Authority,2009/2010,Waste Arisings (Tonnes),22211,Tonnes
S12000013,Na h-Eileanan Siar,Local Authority,2008/2009,Waste Arisings (Tonnes),23647,Tonnes
S12000048,Perth and Kinross,Local Authority,2010/2011,Waste Arisings Per Capita (Kg),628,Kg Per Capita
S12000048,Perth and Kinross,Local Authority,2011/2012,Waste Arisings Per Capita (Kg),630,Kg Per Capita
S12000048,Perth and Kinross,Local Authority,2008/2009,Waste Arisings Per Capita (Kg),682,Kg Per Capita
S12000013,Na h-Eileanan Siar,Local Authority,2010/2011,Waste Arisings (Tonnes),22262,Tonnes
S12000011,East Renfrewshire,Local Authority,2007/2008,Biodegradable Municipal Waste Sent To Landfill (Ktonnes),22.4,ktonnes
S12000011,East Renfrewshire,Local Authority,2010/2011,Biodegradable Municipal Waste Sent To Landfill (Ktonnes),13.3,ktonnes
S12000011,East Renfrewshire,Local Authority,2004/2005,Waste Arisings Per Capita (Kg),614,Kg Per Capita
S12000011,East Renfrewshire,Local Authority,2008/2009,Biodegradable Municipal Waste Sent To Landfill (Ktonnes),20.4,ktonnes
S12000011,East Renfrewshire,Local Authority,2005/2006,Biodegradable Municipal Waste Sent To Landfill (Ktonnes),24.2,ktonnes
S12000011,East Renfrewshire,Local Authority,2004/2005,Biodegradable Municipal Waste Sent To Landfill (Ktonnes),25.2,ktonnes
S12000011,East Renfrewshire,Local Authority,2009/2010,Biodegradable Municipal Waste Sent To Landfill (Ktonnes),19.8,ktonnes
S12000010,East Lothian,Local Authority,2008/2009,Waste Arisings Per Capita (Kg),709,Kg Per Capita
S12000010,East Lothian,Local Authority,2004/2005,Waste Arisings Per Capita (Kg),711,Kg Per Capita
S12000010,East Lothian,Local Authority,2006/2007,Waste Arisings Per Capita (Kg),729,Kg Per Capita
S12000010,East Lothian,Local Authority,2005/2006,Waste Arisings Per Capita (Kg),698,Kg Per Capita
S12000011,East Renfrewshire,Local Authority,2005/2006,Waste Arisings Per Capita (Kg),645,Kg Per Capita
S12000010,East Lothian,Local Authority,2009/2010,Biodegradable Municipal Waste Sent To Landfill (Ktonnes),23.8,ktonnes
S12000049,Glasgow City,Local Authority,2005/2006,Waste Arisings Per Capita (Kg),625,Kg Per Capita
S12000049,Glasgow City,Local Authority,2008/2009,Waste Arisings Per Capita (Kg),594,Kg Per Capita
S12000011,East Renfrewshire,Local Authority,2011/2012,Waste Arisings (Tonnes),49027,Tonnes
S12000048,Perth and Kinross,Local Authority,2007/2008,Waste Arisings Per Capita (Kg),745,Kg Per Capita
S12000048,Perth and Kinross,Local Authority,2005/2006,Waste Arisings Per Capita (Kg),744,Kg Per Capita
S12000049,Glasgow City,Local Authority,2007/2008,Waste Arisings Per Capita (Kg),624,Kg Per Capita
S12000049,Glasgow City,Local Authority,2004/2005,Waste Arisings (Tonnes),354469,Tonnes
S12000049,Glasgow City,Local Authority,2011/2012,Waste Arisings Per Capita (Kg),508,Kg Per Capita
S12000011,East Renfrewshire,Local Authority,2006/2007,Biodegradable Municipal Waste Sent To Landfill (Ktonnes),24.4,ktonnes
S12000011,East Renfrewshire,Local Authority,2010/2011,Waste Arisings (Tonnes),47002,Tonnes
S12000011,East Renfrewshire,Local Authority,2009/2010,Waste Arisings (Tonnes),50553,Tonnes
S12000049,Glasgow City,Local Authority,2006/2007,Waste Arisings Per Capita (Kg),635,Kg Per Capita
S12000013,Na h-Eileanan Siar,Local Authority,2004/2005,Waste Arisings (Tonnes),19642,Tonnes
S12000014,Falkirk,Local Authority,2005/2006,Waste Arisings (Tonnes),115168,Tonnes
S12000013,Na h-Eileanan Siar,Local Authority,2010/2011,Waste Arisings Per Capita (Kg),850,Kg Per Capita
S12000013,Na h-Eileanan Siar,Local Authority,2008/2009,Biodegradable Municipal Waste Sent To Landfill (Ktonnes),12,ktonnes
S12000014,Falkirk,Local Authority,2010/2011,Waste Arisings (Tonnes),90122,Tonnes
S12000013,Na h-Eileanan Siar,Local Authority,2005/2006,Waste Arisings (Tonnes),22786,Tonnes
S12000013,Na h-Eileanan Siar,Local Authority,2006/2007,Waste Arisings (Tonnes),21592,Tonnes
S12000013,Na h-Eileanan Siar,Local Authority,2011/2012,Waste Arisings Per Capita (Kg),822,Kg Per Capita
S12000013,Na h-Eileanan Siar,Local Authority,2007/2008,Waste Arisings (Tonnes),19355,Tonnes
S12000013,Na h-Eileanan Siar,Local Authority,2005/2006,Biodegradable Municipal Waste Sent To Landfill (Ktonnes),13,ktonnes
S12000013,Na h-Eileanan Siar,Local Authority,2007/2008,Biodegradable Municipal Waste Sent To Landfill (Ktonnes),9.2,ktonnes
S12000013,Na h-Eileanan Siar,Local Authority,2004/2005,Biodegradable Municipal Waste Sent To Landfill (Ktonnes),12.7,ktonnes
S12000013,Na h-Eileanan Siar,Local Authority,2009/2010,Biodegradable Municipal Waste Sent To Landfill (Ktonnes),10.4,ktonnes
S12000013,Na h-Eileanan Siar,Local Authority,2010/2011,Biodegradable Municipal Waste Sent To Landfill (Ktonnes),10.7,ktonnes
S12000014,Falkirk,Local Authority,2008/2009,Waste Arisings (Tonnes),95993,Tonnes
S12000014,Falkirk,Local Authority,2011/2012,Waste Arisings (Tonnes),90309,Tonnes
S12000013,Na h-Eileanan Siar,Local Authority,2006/2007,Biodegradable Municipal Waste Sent To Landfill (Ktonnes),11.2,ktonnes
S12000014,Falkirk,Local Authority,2009/2010,Waste Arisings (Tonnes),90980,Tonnes
S12000048,Perth and Kinross,Local Authority,2005/2006,Biodegradable Municipal Waste Sent To Landfill (Ktonnes),43.2,ktonnes
S12000014,Falkirk,Local Authority,2006/2007,Waste Arisings (Tonnes),113845,Tonnes
S12000013,Na h-Eileanan Siar,Local Authority,2005/2006,Waste Arisings Per Capita (Kg),807,Kg Per Capita
S12000013,Na h-Eileanan Siar,Local Authority,2009/2010,Waste Arisings Per Capita (Kg),848,Kg Per Capita
S12000014,Falkirk,Local Authority,2004/2005,Waste Arisings (Tonnes),111683,Tonnes
S12000014,Falkirk,Local Authority,2007/2008,Waste Arisings (Tonnes),102264,Tonnes
S12000013,Na h-Eileanan Siar,Local Authority,2004/2005,Waste Arisings Per Capita (Kg),797,Kg Per Capita
S12000013,Na h-Eileanan Siar,Local Authority,2006/2007,Waste Arisings Per Capita (Kg),819,Kg Per Capita
S12000048,Perth and Kinross,Local Authority,2005/2006,Waste Recycled,33.3,Percent Of Municipal Waste
S12000048,Perth and Kinross,Local Authority,2007/2008,Waste Recycled,35.9,Percent Of Municipal Waste
S12000041,Angus,Local Authority,2005/2006,Waste Recycled,32.7,Percent Of Municipal Waste
S12000048,Perth and Kinross,Local Authority,2004/2005,Waste Recycled,25.9,Percent Of Municipal Waste
S12000041,Angus,Local Authority,2004/2005,Waste Recycled,30.3,Percent Of Municipal Waste
S12000041,Angus,Local Authority,2006/2007,Waste Recycled,30.2,Percent Of Municipal Waste
S12000048,Perth and Kinross,Local Authority,2006/2007,Waste Recycled,34,Percent Of Municipal Waste
S12000041,Angus,Local Authority,2011/2012,Waste Recycled,40.2,Percent Of Municipal Waste
S12000045,East Dunbartonshire,Local Authority,2006/2007,Waste Recycled,31.7,Percent Of Municipal Waste
S12000042,Dundee City,Local Authority,2007/2008,Waste Recycled,33,Percent Of Municipal Waste
S12000045,East Dunbartonshire,Local Authority,2008/2009,Waste Recycled,32.8,Percent Of Municipal Waste
S12000045,East Dunbartonshire,Local Authority,2010/2011,Waste Recycled,40.4,Percent Of Municipal Waste
S12000045,East Dunbartonshire,Local Authority,2011/2012,Waste Recycled,40.9,Percent Of Municipal Waste
S12000045,East Dunbartonshire,Local Authority,2009/2010,Waste Recycled,35.1,Percent Of Municipal Waste
S12000045,East Dunbartonshire,Local Authority,2005/2006,Waste Recycled,26.1,Percent Of Municipal Waste
S12000047,Fife,Local Authority,2006/2007,Waste Recycled,32.5,Percent Of Municipal Waste
S12000050,North Lanarkshire,Local Authority,2009/2010,Waste Recycled,42.9,Percent Of Municipal Waste
S12000045,East Dunbartonshire,Local Authority,2004/2005,Waste Recycled,18.3,Percent Of Municipal Waste
S12000045,East Dunbartonshire,Local Authority,2007/2008,Waste Recycled,32.2,Percent Of Municipal Waste
S12000042,Dundee City,Local Authority,2005/2006,Waste Recycled,30.9,Percent Of Municipal Waste
S12000047,Fife,Local Authority,2010/2011,Waste Recycled,48.1,Percent Of Municipal Waste
S12000042,Dundee City,Local Authority,2004/2005,Waste Recycled,26.5,Percent Of Municipal Waste
S12000047,Fife,Local Authority,2008/2009,Waste Recycled,43,Percent Of Municipal Waste
S12000047,Fife,Local Authority,2011/2012,Waste Recycled,55.5,Percent Of Municipal Waste
S12000049,Glasgow City,Local Authority,2006/2007,Waste Recycled,16.8,Percent Of Municipal Waste
S12000048,Perth and Kinross,Local Authority,2009/2010,Waste Recycled,42.4,Percent Of Municipal Waste
S12000049,Glasgow City,Local Authority,2008/2009,Waste Recycled,19.9,Percent Of Municipal Waste
S12000049,Glasgow City,Local Authority,2009/2010,Waste Recycled,21.6,Percent Of Municipal Waste
S12000049,Glasgow City,Local Authority,2004/2005,Waste Recycled,9.4,Percent Of Municipal Waste
S12000049,Glasgow City,Local Authority,2007/2008,Waste Recycled,18.1,Percent Of Municipal Waste
S12000042,Dundee City,Local Authority,2009/2010,Waste Recycled,40.1,Percent Of Municipal Waste
S12000049,Glasgow City,Local Authority,2005/2006,Waste Recycled,15.7,Percent Of Municipal Waste
S12000047,Fife,Local Authority,2009/2010,Waste Recycled,45.4,Percent Of Municipal Waste
S12000049,Glasgow City,Local Authority,2011/2012,Waste Recycled,26.5,Percent Of Municipal Waste
S12000042,Dundee City,Local Authority,2008/2009,Waste Recycled,36.1,Percent Of Municipal Waste
S12000049,Glasgow City,Local Authority,2010/2011,Waste Recycled,24,Percent Of Municipal Waste
S12000042,Dundee City,Local Authority,2011/2012,Waste Recycled,45.9,Percent Of Municipal Waste
S12000047,Fife,Local Authority,2004/2005,Waste Recycled,25.1,Percent Of Municipal Waste
S12000042,Dundee City,Local Authority,2006/2007,Waste Recycled,31,Percent Of Municipal Waste
S12000047,Fife,Local Authority,2005/2006,Waste Recycled,29.7,Percent Of Municipal Waste
S12000047,Fife,Local Authority,2007/2008,Waste Recycled,39.1,Percent Of Municipal Waste
S12000048,Perth and Kinross,Local Authority,2010/2011,Waste Recycled,46.7,Percent Of Municipal Waste
S12000042,Dundee City,Local Authority,2010/2011,Waste Recycled,34.6,Percent Of Municipal Waste
S12000050,North Lanarkshire,Local Authority,2008/2009,Waste Recycled,38.6,Percent Of Municipal Waste
S12000050,North Lanarkshire,Local Authority,2007/2008,Waste Recycled,31.8,Percent Of Municipal Waste
S12000050,North Lanarkshire,Local Authority,2004/2005,Waste Recycled,18.2,Percent Of Municipal Waste
S12000048,Perth and Kinross,Local Authority,2008/2009,Waste Recycled,37.6,Percent Of Municipal Waste
S12000050,North Lanarkshire,Local Authority,2006/2007,Waste Recycled,27.7,Percent Of Municipal Waste
S12000050,North Lanarkshire,Local Authority,2010/2011,Waste Recycled,43.2,Percent Of Municipal Waste
S12000050,North Lanarkshire,Local Authority,2011/2012,Waste Recycled,38.6,Percent Of Municipal Waste
S12000050,North Lanarkshire,Local Authority,2005/2006,Waste Recycled,26.8,Percent Of Municipal Waste
S12000048,Perth and Kinross,Local Authority,2011/2012,Waste Recycled,49.9,Percent Of Municipal Waste
S12000013,Na h-Eileanan Siar,Local Authority,2006/2007,Waste Recycled,11.7,Percent Of Municipal Waste
S12000013,Na h-Eileanan Siar,Local Authority,2007/2008,Waste Recycled,20,Percent Of Municipal Waste
S12000014,Falkirk,Local Authority,2009/2010,Waste Recycled,42.8,Percent Of Municipal Waste
S12000013,Na h-Eileanan Siar,Local Authority,2008/2009,Waste Recycled,18.6,Percent Of Municipal Waste
S12000013,Na h-Eileanan Siar,Local Authority,2009/2010,Waste Recycled,21.2,Percent Of Municipal Waste
S12000013,Na h-Eileanan Siar,Local Authority,2010/2011,Waste Recycled,19.6,Percent Of Municipal Waste
S12000013,Na h-Eileanan Siar,Local Authority,2011/2012,Waste Recycled,23.1,Percent Of Municipal Waste
S12000014,Falkirk,Local Authority,2004/2005,Waste Recycled,19,Percent Of Municipal Waste
S12000014,Falkirk,Local Authority,2005/2006,Waste Recycled,30.1,Percent Of Municipal Waste
S12000014,Falkirk,Local Authority,2006/2007,Waste Recycled,35,Percent Of Municipal Waste
S12000014,Falkirk,Local Authority,2007/2008,Waste Recycled,36,Percent Of Municipal Waste
S12000014,Falkirk,Local Authority,2011/2012,Waste Recycled,53.1,Percent Of Municipal Waste
S12000014,Falkirk,Local Authority,2008/2009,Waste Recycled,40.8,Percent Of Municipal Waste
S12000014,Falkirk,Local Authority,2010/2011,Waste Recycled,49.3,Percent Of Municipal Waste
S12000011,East Renfrewshire,Local Authority,2004/2005,Waste Recycled,26.7,Percent Of Municipal Waste
S12000011,East Renfrewshire,Local Authority,2005/2006,Waste Recycled,29.8,Percent Of Municipal Waste
S12000011,East Renfrewshire,Local Authority,2010/2011,Waste Recycled,45.4,Percent Of Municipal Waste
S12000011,East Renfrewshire,Local Authority,2006/2007,Waste Recycled,31.5,Percent Of Municipal Waste
S12000010,East Lothian,Local Authority,2005/2006,Waste Recycled,27.6,Percent Of Municipal Waste
S12000010,East Lothian,Local Authority,2009/2010,Waste Recycled,40.9,Percent Of Municipal Waste
S12000010,East Lothian,Local Authority,2004/2005,Waste Recycled,19.6,Percent Of Municipal Waste
S12000013,Na h-Eileanan Siar,Local Authority,2004/2005,Waste Recycled,7.5,Percent Of Municipal Waste
S12000011,East Renfrewshire,Local Authority,2008/2009,Waste Recycled,38.4,Percent Of Municipal Waste
S12000013,Na h-Eileanan Siar,Local Authority,2005/2006,Waste Recycled,10.9,Percent Of Municipal Waste
S12000011,East Renfrewshire,Local Authority,2011/2012,Waste Recycled,53,Percent Of Municipal Waste
S12000011,East Renfrewshire,Local Authority,2009/2010,Waste Recycled,36,Percent Of Municipal Waste
S12000011,East Renfrewshire,Local Authority,2007/2008,Waste Recycled,35,Percent Of Municipal Waste
S12000019,Midlothian,Local Authority,2011/2012,Waste Recycled,45.9,Percent Of Municipal Waste
S12000019,Midlothian,Local Authority,2009/2010,Waste Recycled,41.2,Percent Of Municipal Waste
S12000019,Midlothian,Local Authority,2007/2008,Waste Recycled,35.8,Percent Of Municipal Waste
S12000019,Midlothian,Local Authority,2010/2011,Waste Recycled,44.1,Percent Of Municipal Waste
S12000018,Inverclyde,Local Authority,2008/2009,Waste Recycled,28,Percent Of Municipal Waste
S12000018,Inverclyde,Local Authority,2011/2012,Waste Recycled,34.8,Percent Of Municipal Waste
S12000018,Inverclyde,Local Authority,2009/2010,Waste Recycled,30.3,Percent Of Municipal Waste
S12000020,Moray,Local Authority,2008/2009,Waste Recycled,43.9,Percent Of Municipal Waste
S12000019,Midlothian,Local Authority,2004/2005,Waste Recycled,4.7,Percent Of Municipal Waste
S12000020,Moray,Local Authority,2007/2008,Waste Recycled,44,Percent Of Municipal Waste
S12000019,Midlothian,Local Authority,2005/2006,Waste Recycled,21.6,Percent Of Municipal Waste
S12000019,Midlothian,Local Authority,2008/2009,Waste Recycled,37.4,Percent Of Municipal Waste
S12000019,Midlothian,Local Authority,2006/2007,Waste Recycled,31.8,Percent Of Municipal Waste
S12000017,Highland,Local Authority,2011/2012,Waste Recycled,39,Percent Of Municipal Waste
S12000017,Highland,Local Authority,2009/2010,Waste Recycled,34.6,Percent Of Municipal Waste
S12000017,Highland,Local Authority,2006/2007,Waste Recycled,26.1,Percent Of Municipal Waste
S12000017,Highland,Local Authority,2007/2008,Waste Recycled,30.7,Percent Of Municipal Waste
S12000017,Highland,Local Authority,2005/2006,Waste Recycled,19.9,Percent Of Municipal Waste
S12000017,Highland,Local Authority,2004/2005,Waste Recycled,9,Percent Of Municipal Waste
S12000017,Highland,Local Authority,2010/2011,Waste Recycled,34,Percent Of Municipal Waste
S12000018,Inverclyde,Local Authority,2005/2006,Waste Recycled,18.6,Percent Of Municipal Waste
S12000018,Inverclyde,Local Authority,2004/2005,Waste Recycled,7.3,Percent Of Municipal Waste
S12000018,Inverclyde,Local Authority,2010/2011,Waste Recycled,31.5,Percent Of Municipal Waste
S12000018,Inverclyde,Local Authority,2006/2007,Waste Recycled,20.1,Percent Of Municipal Waste
S12000017,Highland,Local Authority,2008/2009,Waste Recycled,32.7,Percent Of Municipal Waste
S12000018,Inverclyde,Local Authority,2007/2008,Waste Recycled,21.9,Percent Of Municipal Waste
S12000040,West Lothian,Local Authority,2007/2008,Waste Recycled,34.1,Percent Of Municipal Waste
S12000040,West Lothian,Local Authority,2010/2011,Waste Recycled,43.3,Percent Of Municipal Waste
S12000040,West Lothian,Local Authority,2008/2009,Waste Recycled,41.7,Percent Of Municipal Waste
S12000005,Clackmannanshire,Local Authority,2008/2009,Waste Recycled,44.9,Percent Of Municipal Waste
S12000005,Clackmannanshire,Local Authority,2010/2011,Waste Recycled,49.8,Percent Of Municipal Waste
S12000005,Clackmannanshire,Local Authority,2007/2008,Waste Recycled,42.2,Percent Of Municipal Waste
S12000039,West Dunbartonshire,Local Authority,2010/2011,Waste Recycled,38.3,Percent Of Municipal Waste
S12000039,West Dunbartonshire,Local Authority,2011/2012,Waste Recycled,43.1,Percent Of Municipal Waste
S12000039,West Dunbartonshire,Local Authority,2006/2007,Waste Recycled,32,Percent Of Municipal Waste
S12000039,West Dunbartonshire,Local Authority,2004/2005,Waste Recycled,7.1,Percent Of Municipal Waste
S12000039,West Dunbartonshire,Local Authority,2009/2010,Waste Recycled,30.9,Percent Of Municipal Waste
S12000039,West Dunbartonshire,Local Authority,2008/2009,Waste Recycled,32.1,Percent Of Municipal Waste
S12000039,West Dunbartonshire,Local Authority,2007/2008,Waste Recycled,32.4,Percent Of Municipal Waste
S12000040,West Lothian,Local Authority,2004/2005,Waste Recycled,17.6,Percent Of Municipal Waste
S12000040,West Lothian,Local Authority,2006/2007,Waste Recycled,34.2,Percent Of Municipal Waste
S12000040,West Lothian,Local Authority,2009/2010,Waste Recycled,42.2,Percent Of Municipal Waste
S12000040,West Lothian,Local Authority,2011/2012,Waste Recycled,44.8,Percent Of Municipal Waste
S12000039,West Dunbartonshire,Local Authority,2005/2006,Waste Recycled,19,Percent Of Municipal Waste
S12000040,West Lothian,Local Authority,2005/2006,Waste Recycled,27.1,Percent Of Municipal Waste
S12000008,East Ayrshire,Local Authority,2010/2011,Waste Recycled,43.9,Percent Of Municipal Waste
S12000008,East Ayrshire,Local Authority,2011/2012,Waste Recycled,41.9,Percent Of Municipal Waste
S12000008,East Ayrshire,Local Authority,2006/2007,Waste Recycled,35.3,Percent Of Municipal Waste
S12000008,East Ayrshire,Local Authority,2004/2005,Waste Recycled,16.1,Percent Of Municipal Waste
S12000008,East Ayrshire,Local Authority,2009/2010,Waste Recycled,43,Percent Of Municipal Waste
S12000008,East Ayrshire,Local Authority,2008/2009,Waste Recycled,42.1,Percent Of Municipal Waste
S12000008,East Ayrshire,Local Authority,2007/2008,Waste Recycled,41.8,Percent Of Municipal Waste
S12000010,East Lothian,Local Authority,2010/2011,Waste Recycled,43.4,Percent Of Municipal Waste
S12000010,East Lothian,Local Authority,2006/2007,Waste Recycled,32.6,Percent Of Municipal Waste
S12000010,East Lothian,Local Authority,2011/2012,Waste Recycled,44.7,Percent Of Municipal Waste
S12000010,East Lothian,Local Authority,2007/2008,Waste Recycled,35.4,Percent Of Municipal Waste
S12000008,East Ayrshire,Local Authority,2005/2006,Waste Recycled,27.1,Percent Of Municipal Waste
S12000010,East Lothian,Local Authority,2008/2009,Waste Recycled,38.4,Percent Of Municipal Waste
S12000005,Clackmannanshire,Local Authority,2011/2012,Waste Recycled,51.7,Percent Of Municipal Waste
S12000005,Clackmannanshire,Local Authority,2005/2006,Waste Recycled,40.2,Percent Of Municipal Waste
S12000006,Dumfries and Galloway,Local Authority,2010/2011,Waste Recycled,39.4,Percent Of Municipal Waste
S12000006,Dumfries and Galloway,Local Authority,2011/2012,Waste Recycled,48.5,Percent Of Municipal Waste
S12000005,Clackmannanshire,Local Authority,2004/2005,Waste Recycled,38.1,Percent Of Municipal Waste
S12000005,Clackmannanshire,Local Authority,2009/2010,Waste Recycled,46.7,Percent Of Municipal Waste
S12000005,Clackmannanshire,Local Authority,2006/2007,Waste Recycled,43.6,Percent Of Municipal Waste
S12000006,Dumfries and Galloway,Local Authority,2006/2007,Waste Recycled,23.2,Percent Of Municipal Waste
S12000006,Dumfries and Galloway,Local Authority,2004/2005,Waste Recycled,5.6,Percent Of Municipal Waste
S12000006,Dumfries and Galloway,Local Authority,2005/2006,Waste Recycled,10.4,Percent Of Municipal Waste
S12000006,Dumfries and Galloway,Local Authority,2007/2008,Waste Recycled,31.1,Percent Of Municipal Waste
S12000006,Dumfries and Galloway,Local Authority,2008/2009,Waste Recycled,36.3,Percent Of Municipal Waste
S12000006,Dumfries and Galloway,Local Authority,2009/2010,Waste Recycled,36.7,Percent Of Municipal Waste
S12000034,Aberdeenshire,Local Authority,2009/2010,Waste Recycled,33.3,Percent Of Municipal Waste
S12000033,Aberdeen City,Local Authority,2011/2012,Waste Recycled,31.5,Percent Of Municipal Waste
S12000034,Aberdeenshire,Local Authority,2011/2012,Waste Recycled,35.5,Percent Of Municipal Waste
S12000034,Aberdeenshire,Local Authority,2008/2009,Waste Recycled,31.2,Percent Of Municipal Waste
S12000033,Aberdeen City,Local Authority,2010/2011,Waste Recycled,31.7,Percent Of Municipal Waste
S12000033,Aberdeen City,Local Authority,2007/2008,Waste Recycled,22.2,Percent Of Municipal Waste
S12000033,Aberdeen City,Local Authority,2009/2010,Waste Recycled,26.8,Percent Of Municipal Waste
S12000034,Aberdeenshire,Local Authority,2006/2007,Waste Recycled,21.3,Percent Of Municipal Waste
S12000034,Aberdeenshire,Local Authority,2007/2008,Waste Recycled,29.8,Percent Of Municipal Waste
S12000035,Argyll and Bute,Local Authority,2008/2009,Waste Recycled,36.3,Percent Of Municipal Waste
S12000035,Argyll and Bute,Local Authority,2007/2008,Waste Recycled,34.8,Percent Of Municipal Waste
S12000034,Aberdeenshire,Local Authority,2005/2006,Waste Recycled,12.7,Percent Of Municipal Waste
S12000034,Aberdeenshire,Local Authority,2010/2011,Waste Recycled,32.4,Percent Of Municipal Waste
S12000034,Aberdeenshire,Local Authority,2004/2005,Waste Recycled,10.3,Percent Of Municipal Waste
S12000030,Stirling,Local Authority,2010/2011,Waste Recycled,47.5,Percent Of Municipal Waste
S12000030,Stirling,Local Authority,2011/2012,Waste Recycled,53.5,Percent Of Municipal Waste
S12000030,Stirling,Local Authority,2007/2008,Waste Recycled,38.7,Percent Of Municipal Waste
S12000030,Stirling,Local Authority,2006/2007,Waste Recycled,35.7,Percent Of Municipal Waste
S12000030,Stirling,Local Authority,2009/2010,Waste Recycled,43.5,Percent Of Municipal Waste
S12000029,South Lanarkshire,Local Authority,2006/2007,Waste Recycled,35.4,Percent Of Municipal Waste
S12000030,Stirling,Local Authority,2008/2009,Waste Recycled,41.5,Percent Of Municipal Waste
S12000033,Aberdeen City,Local Authority,2004/2005,Waste Recycled,11.2,Percent Of Municipal Waste
S12000033,Aberdeen City,Local Authority,2006/2007,Waste Recycled,21.5,Percent Of Municipal Waste
S12000033,Aberdeen City,Local Authority,2008/2009,Waste Recycled,23.4,Percent Of Municipal Waste
S12000030,Stirling,Local Authority,2005/2006,Waste Recycled,32.5,Percent Of Municipal Waste
S12000030,Stirling,Local Authority,2004/2005,Waste Recycled,27.5,Percent Of Municipal Waste
S12000033,Aberdeen City,Local Authority,2005/2006,Waste Recycled,18.1,Percent Of Municipal Waste
S12000038,Renfrewshire,Local Authority,2005/2006,Waste Recycled,24.5,Percent Of Municipal Waste
S12000038,Renfrewshire,Local Authority,2006/2007,Waste Recycled,28.2,Percent Of Municipal Waste
S12000038,Renfrewshire,Local Authority,2008/2009,Waste Recycled,30.5,Percent Of Municipal Waste
S12000038,Renfrewshire,Local Authority,2009/2010,Waste Recycled,37.4,Percent Of Municipal Waste
S12000038,Renfrewshire,Local Authority,2007/2008,Waste Recycled,30.1,Percent Of Municipal Waste
S12000036,City of Edinburgh,Local Authority,2008/2009,Waste Recycled,30.1,Percent Of Municipal Waste
S12000038,Renfrewshire,Local Authority,2004/2005,Waste Recycled,15,Percent Of Municipal Waste
S12000041,Angus,Local Authority,2010/2011,Waste Recycled,36.7,Percent Of Municipal Waste
S12000041,Angus,Local Authority,2007/2008,Waste Recycled,34.7,Percent Of Municipal Waste
S12000041,Angus,Local Authority,2009/2010,Waste Recycled,39.1,Percent Of Municipal Waste
S12000038,Renfrewshire,Local Authority,2010/2011,Waste Recycled,42.8,Percent Of Municipal Waste
S12000038,Renfrewshire,Local Authority,2011/2012,Waste Recycled,42.6,Percent Of Municipal Waste
S12000041,Angus,Local Authority,2008/2009,Waste Recycled,35.8,Percent Of Municipal Waste
S12000035,Argyll and Bute,Local Authority,2004/2005,Waste Recycled,17.9,Percent Of Municipal Waste
S12000035,Argyll and Bute,Local Authority,2009/2010,Waste Recycled,41.3,Percent Of Municipal Waste
S12000036,City of Edinburgh,Local Authority,2004/2005,Waste Recycled,15.6,Percent Of Municipal Waste
S12000035,Argyll and Bute,Local Authority,2005/2006,Waste Recycled,25.2,Percent Of Municipal Waste
S12000035,Argyll and Bute,Local Authority,2010/2011,Waste Recycled,41.5,Percent Of Municipal Waste
S12000035,Argyll and Bute,Local Authority,2006/2007,Waste Recycled,33.2,Percent Of Municipal Waste
S12000035,Argyll and Bute,Local Authority,2011/2012,Waste Recycled,40.5,Percent Of Municipal Waste
S12000036,City of Edinburgh,Local Authority,2007/2008,Waste Recycled,27.1,Percent Of Municipal Waste
S12000036,City of Edinburgh,Local Authority,2011/2012,Waste Recycled,33.4,Percent Of Municipal Waste
S12000036,City of Edinburgh,Local Authority,2006/2007,Waste Recycled,24.4,Percent Of Municipal Waste
S12000036,City of Edinburgh,Local Authority,2010/2011,Waste Recycled,31.5,Percent Of Municipal Waste
S12000036,City of Edinburgh,Local Authority,2005/2006,Waste Recycled,21.6,Percent Of Municipal Waste
S12000036,City of Edinburgh,Local Authority,2009/2010,Waste Recycled,31.5,Percent Of Municipal Waste
S12000023,Orkney Islands,Local Authority,2006/2007,Waste Recycled,27.6,Percent Of Municipal Waste
S12000023,Orkney Islands,Local Authority,2004/2005,Waste Recycled,19.1,Percent Of Municipal Waste
S12000023,Orkney Islands,Local Authority,2005/2006,Waste Recycled,22.7,Percent Of Municipal Waste
S12000023,Orkney Islands,Local Authority,2007/2008,Waste Recycled,28.7,Percent Of Municipal Waste
S12000023,Orkney Islands,Local Authority,2008/2009,Waste Recycled,29.5,Percent Of Municipal Waste
S12000021,North Ayrshire,Local Authority,2011/2012,Waste Recycled,46.5,Percent Of Municipal Waste
S12000023,Orkney Islands,Local Authority,2009/2010,Waste Recycled,27.9,Percent Of Municipal Waste
S12000026,Scottish Borders,Local Authority,2010/2011,Waste Recycled,39.9,Percent Of Municipal Waste
S12000026,Scottish Borders,Local Authority,2011/2012,Waste Recycled,41.3,Percent Of Municipal Waste
S12000026,Scottish Borders,Local Authority,2006/2007,Waste Recycled,28.3,Percent Of Municipal Waste
S12000026,Scottish Borders,Local Authority,2005/2006,Waste Recycled,16,Percent Of Municipal Waste
S12000023,Orkney Islands,Local Authority,2010/2011,Waste Recycled,29.4,Percent Of Municipal Waste
S12000023,Orkney Islands,Local Authority,2011/2012,Waste Recycled,27.9,Percent Of Municipal Waste
S12000026,Scottish Borders,Local Authority,2009/2010,Waste Recycled,37.8,Percent Of Municipal Waste
S12000020,Moray,Local Authority,2006/2007,Waste Recycled,38.4,Percent Of Municipal Waste
S12000020,Moray,Local Authority,2004/2005,Waste Recycled,24.1,Percent Of Municipal Waste
S12000021,North Ayrshire,Local Authority,2005/2006,Waste Recycled,25.8,Percent Of Municipal Waste
S12000020,Moray,Local Authority,2005/2006,Waste Recycled,30.9,Percent Of Municipal Waste
S12000020,Moray,Local Authority,2011/2012,Waste Recycled,43.5,Percent Of Municipal Waste
S12000020,Moray,Local Authority,2010/2011,Waste Recycled,42.4,Percent Of Municipal Waste
S12000020,Moray,Local Authority,2009/2010,Waste Recycled,41.5,Percent Of Municipal Waste
S12000021,North Ayrshire,Local Authority,2007/2008,Waste Recycled,31.1,Percent Of Municipal Waste
S12000021,North Ayrshire,Local Authority,2010/2011,Waste Recycled,43.5,Percent Of Municipal Waste
S12000021,North Ayrshire,Local Authority,2008/2009,Waste Recycled,35.7,Percent Of Municipal Waste
S12000021,North Ayrshire,Local Authority,2006/2007,Waste Recycled,25.8,Percent Of Municipal Waste
S12000021,North Ayrshire,Local Authority,2004/2005,Waste Recycled,23.8,Percent Of Municipal Waste
S12000021,North Ayrshire,Local Authority,2009/2010,Waste Recycled,40.8,Percent Of Municipal Waste
S12000028,South Ayrshire,Local Authority,2010/2011,Waste Recycled,42.7,Percent Of Municipal Waste
S12000028,South Ayrshire,Local Authority,2006/2007,Waste Recycled,39.3,Percent Of Municipal Waste
S12000029,South Lanarkshire,Local Authority,2009/2010,Waste Recycled,40.1,Percent Of Municipal Waste
S12000028,South Ayrshire,Local Authority,2008/2009,Waste Recycled,41.3,Percent Of Municipal Waste
S12000028,South Ayrshire,Local Authority,2009/2010,Waste Recycled,44.1,Percent Of Municipal Waste
S12000028,South Ayrshire,Local Authority,2011/2012,Waste Recycled,46.1,Percent Of Municipal Waste
S12000028,South Ayrshire,Local Authority,2007/2008,Waste Recycled,43.1,Percent Of Municipal Waste
S12000029,South Lanarkshire,Local Authority,2004/2005,Waste Recycled,26,Percent Of Municipal Waste
S12000029,South Lanarkshire,Local Authority,2005/2006,Waste Recycled,33.3,Percent Of Municipal Waste
S12000029,South Lanarkshire,Local Authority,2007/2008,Waste Recycled,37,Percent Of Municipal Waste
S12000029,South Lanarkshire,Local Authority,2011/2012,Waste Recycled,40.5,Percent Of Municipal Waste
S12000029,South Lanarkshire,Local Authority,2008/2009,Waste Recycled,37,Percent Of Municipal Waste
S12000029,South Lanarkshire,Local Authority,2010/2011,Waste Recycled,38.2,Percent Of Municipal Waste
S12000027,Shetland Islands,Local Authority,2009/2010,Waste Recycled,19.3,Percent Of Municipal Waste
S12000027,Shetland Islands,Local Authority,2008/2009,Waste Recycled,22.7,Percent Of Municipal Waste
S12000027,Shetland Islands,Local Authority,2011/2012,Waste Recycled,17.9,Percent Of Municipal Waste
S12000027,Shetland Islands,Local Authority,2007/2008,Waste Recycled,19.2,Percent Of Municipal Waste
S12000026,Scottish Borders,Local Authority,2008/2009,Waste Recycled,36,Percent Of Municipal Waste
S12000026,Scottish Borders,Local Authority,2004/2005,Waste Recycled,7.8,Percent Of Municipal Waste
S12000026,Scottish Borders,Local Authority,2007/2008,Waste Recycled,33.5,Percent Of Municipal Waste
S12000028,South Ayrshire,Local Authority,2005/2006,Waste Recycled,35.8,Percent Of Municipal Waste
S12000027,Shetland Islands,Local Authority,2005/2006,Waste Recycled,10.9,Percent Of Municipal Waste
S12000028,South Ayrshire,Local Authority,2004/2005,Waste Recycled,21.4,Percent Of Municipal Waste
S12000027,Shetland Islands,Local Authority,2004/2005,Waste Recycled,12.6,Percent Of Municipal Waste
S12000027,Shetland Islands,Local Authority,2010/2011,Waste Recycled,19.5,Percent Of Municipal Waste
S12000027,Shetland Islands,Local Authority,2006/2007,Waste Recycled,17.4,Percent Of Municipal Waste
